"","rowIndex","pred_lm","pred_pls","y"
"1",1,-4.5941942945194,-4.57342650053158,-4.18104905992103
"2",2,-4.52497740680561,-4.57008945058683,-4.67132592107658
"3",3,-4.52197358894417,-4.6764005888493,-3.83498611972195
"4",4,-4.51905894793788,-4.65634998336498,-4.45435631598097
"5",5,-4.48985472308737,-4.57621302435642,-4.21371091181193
"6",6,-4.47737290381892,-4.71673137228139,-4.35727991877087
"7",7,-4.47778811376534,-4.53700041578521,-4.62118437122008
"8",8,-4.33061630327678,-4.41759715958687,-4.39879308412299
"9",9,-4.32721849876298,-4.41759715958687,-4.5398515311028
"10",10,-4.34388809548387,-5.02977912768119,-4.65158478232242
"11",11,-4.30228668811003,-4.91277037708152,-4.6576884386662
"12",12,-4.305762610267,-4.84649976423602,-3.85626731156385
"13",13,-4.32840361758942,-4.81109143207765,-4.53446288463066
"14",14,-4.32883963277551,-4.77911317616143,-4.59177748143999
"15",15,-4.34277393194875,-5.14141448969688,-4.02124823832636
"16",16,-4.41576717804418,-4.41221319130264,-3.12229083312401
"17",17,-4.43521688842421,-4.82547692917848,-4.45028534561659
"18",18,-4.42783359613402,-4.68628386713349,-5.08205832722497
"19",19,-4.42026475136617,-4.69341245246543,-4.75075821546782
"20",20,-4.40788730402006,-4.76051373955215,-3.45417368178978
"21",21,-4.3989997523218,-4.72634300842407,-3.981283441373
"22",22,-4.38718554810332,-4.72239910868655,-1.73540044231461
"23",23,-4.37905224829942,-4.72226026357997,-3.82161412104723
"24",24,-4.37430699527136,-4.7967836881887,-5.60132560871595
"25",25,-4.36143087171608,-4.85479092207224,-4.98583211984085
"26",26,-4.33953440933484,-4.80945582113417,-5.08092095906637
"27",27,-4.34479304947456,-4.49315056177713,-4.37287303237858
"28",28,-4.32597460026843,-4.65150311230374,-5.49068898040692
"29",29,-4.34031130283568,-4.79730365484958,-4.8153190499456
"30",30,-4.30282690385429,-4.55681925403288,-4.61808169796706
"31",31,-4.27671836241646,-4.848651142046,-5.12532598475914
"32",32,-4.29063432685685,-4.39199526324585,-4.05464181845576
"33",33,-4.27385329591834,-4.45679409350387,-4.74946886859707
"34",34,-4.28347434501469,-4.91610656933909,-5.20097754236748
"35",35,-4.29607535850991,-4.66371288189906,-4.45964227211899
"36",36,-4.30469771512001,-5.05845943692573,-2.92364294462233
"37",37,-4.30609607439213,-4.48952125447524,-5.14110062135604
"38",38,-4.30486368026109,-4.12959836147777,-4.96494217764081
"39",39,-4.30799777301643,-4.37483864120473,-4.45038172537949
"40",40,-4.37492570123726,-4.78500635675399,-5.17876467069194
"41",41,-4.39301492728842,-4.63565416920381,-4.73283721714117
"42",42,-4.39221326978567,-4.94480480459766,-5.38209480431932
"43",43,-4.401251007427,-4.80461854288427,-2.32430756766063
"44",44,-4.419900344021,-4.79489831372319,-5.17668801613815
"45",45,-4.39093764004094,-4.75271877473713,-4.96398394177841
"46",46,-4.38660419735707,-5.16333002265881,-5.48440765370409
"47",47,-4.39416605516191,-4.44683939046283,-5.33293545229773
"48",48,-4.33225407532647,-4.61761076629572,-4.97539242391314
"49",49,-4.35024656413973,-4.5169034914507,-3.48743365027775
"50",50,-4.32308606880487,-4.1400578017542,-5.1589426889794
"51",51,-4.31775872716801,-4.37991896118985,-5.60280825139499
"52",52,-4.31516958836614,-4.42326358322246,-5.23828786489594
"53",53,-4.2931922994493,-4.66098190589066,-1.87145097842145
"54",54,-4.29435382565515,-4.59425089445833,-5.27353273805473
"55",55,-4.2906090213991,-4.92251237500175,-5.34563382504047
"56",56,-4.28962325253343,-4.27119691552676,-5.1003081139394
"57",57,-4.29886453612595,-4.60764515830292,-2.80499331386343
"58",58,-4.30182830869953,-4.55872403816258,-4.89152997580758
"59",59,-4.32211424742769,-4.70355793405047,-2.03922623035823
"60",60,-4.33075144273602,-4.34137136833899,-4.20302723781985
"61",61,-4.32617619599759,-4.67709385284288,-5.5061771005397
"62",62,-4.35636433356219,-4.63742694864272,-5.01256476373469
"63",63,-4.36874151317143,-4.64805932200398,-4.47765585829684
"64",64,-4.66664152718548,-4.39379823467534,-4.7684788212322
"65",65,-4.66519427590151,-4.40079083710615,-3.93761213720282
"66",66,-4.66842305909095,-4.78101983329597,-4.79563043295041
"67",67,-4.65696840333674,-4.8114356878688,-4.53250430243284
"68",68,-4.65304921880761,-4.95490799535152,-4.848612821465
"69",69,-4.63459505859563,-4.51651424699799,-3.62246079527818
"70",70,-4.64772250729511,-4.36612082799699,-4.43930482028781
"71",71,-4.64069554511004,-4.73775150272595,-4.83073102369213
"72",72,-4.64036220087599,-4.31215734151419,-4.99009338467535
"73",73,-4.64687392031621,-4.18610405405657,-4.08151345147878
"74",74,-4.63980643668708,-4.50493701625149,-3.34455422775003
"75",75,-4.60773804930614,-4.17589818327292,-4.51057929251477
"76",76,-4.60109244917139,-4.52307551213981,-5.02901889385936
"77",77,-4.608585715396,-4.43987529891361,-4.27419630911403
"78",78,-4.58908852102047,-4.02561081716569,-5.16044116408539
"79",79,-4.60541848336497,-4.3831060425389,-4.00335222365056
"80",80,-4.69707844276594,-4.08341101069869,-4.43224553370243
"81",81,-4.71063331229568,-4.63616791068138,-4.39344622940491
"82",82,-4.75187688117074,-4.63364463256134,-4.46857429028432
"83",83,-4.7528971985178,-4.51071030089677,-4.64384943588727
"84",84,-4.6443557363593,-4.07888240399972,-3.1537880958866
"85",85,-4.63671233405105,-4.20921542627235,-4.5083699372553
"86",86,-4.64286439848301,-4.21978034470086,-3.65254157770727
"87",87,-4.6510061383774,-4.68256184707861,-4.98577110951892
"88",88,-4.63880373407318,-4.51876853502905,-4.14759387830445
"89",89,-4.61906479401763,-4.60403603809463,-4.77386674973862
"90",90,-4.62888778345318,-4.23327799552328,-5.27995285189106
"91",91,-4.6050988003619,-4.36703529999985,-3.28284086103196
"92",92,-4.63818653882097,-4.27741654045249,-4.1124723894213
"93",93,-4.62711898003434,-4.53774448867172,-4.73126649224391
"94",94,-4.61065144936376,-4.14116655185642,-4.38092055838159
"95",95,-4.61372316900385,-4.1566987019697,-4.83799586437106
"96",96,-4.60913201399753,-4.15623691094098,-5.18138945458956
"97",97,-4.64862303264621,-4.61136990695068,-4.63585211839173
"98",98,-4.66706572054525,-4.17161722233815,-4.74938085636752
"99",99,-4.71905935232307,-4.11367171339359,-4.01753128919032
"100",100,-4.72752340968581,-3.93878915647407,-4.8399803753537
"101",101,-4.72689680884967,-4.16042120072203,-3.73057582194022
"102",102,-4.73377162121871,-4.61759253124564,-5.16542364201386
"103",103,-4.73408778474397,-4.51103921817477,-4.26383764092346
"104",104,-4.69607872068519,-4.61759130616114,-4.74314079282729
"105",105,-4.5871162372635,-4.3974371065184,-3.50646028006524
"106",106,-4.59630428662625,-4.18345565070602,-3.72292150144876
"107",107,-4.56199732346711,-4.24996123338418,-3.4426823683366
"108",108,-4.5379726871366,-4.44507682096705,-3.96267901259925
"109",109,-4.55056289573944,-4.48866255426344,-4.86598572767631
"110",110,-4.57717081607843,-4.43423969668481,-4.09388585748966
"111",111,-4.56262811750255,-4.66942740163965,-4.90708769897935
"112",112,-4.68108712485049,-4.21160115171074,-3.69590277151431
"113",113,-4.61306354397102,-4.33423869525819,-3.5177489775671
"114",114,-4.6461283962227,-4.43953851451919,-3.49141995780508
"115",115,-4.65447057530355,-4.69382497128856,-3.57251104259982
"116",116,-4.64317076299761,-4.86281513907625,-3.43886276264615
"117",117,-4.62613508137901,-5.1277533169585,-3.23523188702961
"118",118,-4.62956713936405,-4.41627116143415,-3.19019690942489
"119",119,-4.36612679296694,-4.30887082027468,-3.933546406629
"120",120,-4.33909902660556,-4.33267370118385,-3.61028977979768
"121",121,-4.36483167614221,-4.30039260296402,-3.66628200968011
"122",122,-4.37537220489475,-4.26359782810098,-3.51683383849411
"123",123,-4.37806918485706,-4.71323778369511,-3.27930323462631
"124",124,-4.42399182630527,-4.11207950830237,-3.24217301691991
"125",125,-4.4633329691181,-4.32878429507738,-3.52901617377079
"126",126,-4.4895629889581,-4.40819682423575,-2.99593033643943
"127",127,-4.37799672939017,-4.11605589728366,-3.54042896366793
"128",128,-4.46303979015545,-4.51313975676564,-3.49277103506362
"129",129,-4.48672984565913,-4.5209351562639,-3.52005164240971
"130",130,-4.47483503555727,-4.58501276849693,-3.20015219843508
"131",131,-4.53464137714477,-4.53770535496204,-3.3945881188418
"132",132,-4.56028674188676,-4.46799732917965,-2.9588269059853
"133",133,-4.56599137106105,-4.46815657828678,-3.01301841786678
"134",134,-4.48931415316045,-4.35698754596814,-3.62446623402503
"135",135,-4.55731956932461,-4.62301214195028,-3.23522631649856
"136",136,-4.5727188897788,-4.75847636425785,-3.0762839977198
"137",137,-4.59274161392602,-4.53362492184493,-3.06598099857532
"138",138,-4.5901140250721,-4.37804072303544,-3.02477484827739
"139",139,-4.23418356974781,-4.20381950947213,-3.67203064225839
"140",140,-4.2633430667825,-4.19442774099993,-3.30937119722461
"141",141,-4.26015825236754,-3.20230237260139,-3.07328872664083
"142",142,-4.25858589536279,-4.29087568729927,-3.26674229358477
"143",143,-4.27457839339303,-4.09985601852904,-3.09602569278468
"144",144,-4.32268959796829,-5.37357338937468,-2.84774316064406
"145",145,-4.28516690914719,-4.18722416192026,-3.86668312263104
"146",146,-4.34161195356942,-4.16727784694453,-3.66210008159109
"147",147,-4.36987208222587,-4.4753591882565,-3.23591241625843
"148",148,-4.40736810877144,-4.91612588187465,-3.23297605062603
"149",149,-4.40881333563738,-4.42618830006163,-3.34968869236128
"150",150,-4.41636985696955,-4.36208669047004,-3.16208152246306
"151",151,-4.37153345928016,-4.20445856598452,-3.7385124900028
"152",152,-4.30505496734564,-4.35486072559492,-3.56170257289676
"153",153,-4.3142541876481,-4.18207487912869,-3.73999993753935
"154",154,-4.14530542514306,-4.35188828772706,-3.51844459276791
"155",155,-4.17284646940777,-4.1249008919935,-3.35756324536614
"156",156,-4.2011552552604,-4.50044505433242,-3.37407814836566
"157",157,-4.19894558247734,-3.98608820420453,-3.4191201249062
"158",158,-4.4480328468104,-4.52862520534069,-3.39313477686571
"159",159,-4.45225200339672,-4.45108820114772,-3.35787779565213
"160",160,-4.46489987254331,-5.18427858008623,-2.92603727157645
"161",161,-4.42629082269207,-5.36510248287681,-3.9308170479017
"162",162,-4.47299249684825,-4.21160115171074,-3.10942508677371
"163",163,-4.49558182377959,-4.37249225833594,-3.08752169345561
"164",164,-4.50264533057091,-4.81838689500817,-3.18819850857211
"165",165,-4.49758575947202,-4.87651837335064,-3.57318580166684
"166",166,-4.4982040564664,-4.90101764447652,-3.34449802948793
"167",167,-4.42684438159601,-4.02191195892601,-3.13416332360941
"168",168,-4.47031484573393,-4.65023874486484,-3.37620675792781
"169",169,-4.46676762115718,-4.77346549345151,-3.71598477567295
"170",170,-4.47443191259542,-4.73278561225589,-3.44571926866597
"171",171,-4.49139469218177,-4.80630659780796,-4.69400453130268
"172",172,-4.56919500037838,-4.0489864674492,-3.18461341674377
"173",173,-4.54888847439487,-4.54384833185254,-4.77269640130108
"174",174,-4.54534620068787,-4.4880672537255,-5.03637000106403
"175",175,-4.51942968054246,-4.13050034074737,-3.26342925723964
"176",176,-4.53081613345119,-4.28330428937063,-3.62114110545086
"177",177,-4.51934773711134,-4.55927020597231,-3.25870998837258
"178",178,-4.50866105506478,-4.41604327771673,-3.75173894609132
"179",179,-4.55832520162677,-3.92331243027242,-3.61846018082093
"180",180,-4.51009047392037,-4.55057991270689,-3.26902110223669
"181",181,-4.51065375224526,-4.46026525103563,-3.20714459956927
"182",182,-4.50956982355576,-4.33658813419976,-3.64752927044212
"183",183,-4.49471402124388,-4.40256095505117,-3.62757092829057
"184",184,-4.50812330699658,-4.76582309265199,-5.20874479366731
"185",185,-4.52801899871214,-4.12106090882723,-4.48803333645886
"186",186,-4.53068223789856,-4.35872824044866,-3.84666544414437
"187",187,-4.54430581554969,-4.17502847559943,-3.4405802095597
"188",188,-4.55329380729317,-4.68797899130995,-3.48340804416218
"189",189,-4.54992263247231,-4.62271092195078,-3.86027694271791
"190",190,-4.50944798036439,-4.11157935825419,-3.53207452274091
"191",191,-4.52953921326817,-4.17022395430367,-3.31716720504317
"192",192,-4.52099873908532,-4.81902654382406,-3.87843496513351
"193",193,-3.570132273567,-4.09649643952169,-4.70915568232435
"194",194,-4.99133480734429,-4.94240698003078,-5.41319462814028
"195",195,-4.99916084942315,-4.58058542927396,-5.12343551167456
"196",196,-4.94900658357878,-4.32755339581229,-5.23864934614969
"197",197,-4.97794394978724,-4.6222292738873,-5.28666483042138
"198",198,-4.94942674751192,-4.38495140631282,-5.23066640371866
"199",199,-4.8659431638386,-4.51984107872455,-5.21876581496778
"200",200,-5.00460574755177,-4.63557952417729,-4.6227357351532
"201",201,-4.92333772421133,-4.72532157912183,-5.10427986128299
"202",202,-4.82080783541175,-4.74926156813654,-5.42114513935528
"203",203,-4.8317855046398,-4.73271197453451,-4.94750417285479
"204",204,-4.83502173625205,-4.5734623556306,-5.36365658939351
"205",205,-4.82976954665618,-4.61091400909915,-5.27369891358491
"206",206,-5.01724968740423,-4.72238615339884,-4.68843661272778
"207",207,-4.98831339962531,-4.72164672932652,-5.16593774077305
"208",208,-4.95237039490387,-4.76694927105263,-5.45731239990259
"209",209,-4.98209729189066,-4.54648765461561,-4.921692037245
"210",210,-4.97566196253893,-4.4139760943493,-5.43793605298865
"211",211,-4.99904024675155,-4.49521658029023,-5.01004772498476
"212",212,-4.99835929088563,-4.50156078643307,-5.12784004815843
"213",213,-5.11363837238338,-4.76387052576117,-5.25976538151408
"214",214,-5.01867294164063,-4.67698095051636,-5.3686548155251
"215",215,-5.0427594134252,-4.90617442212562,-4.61598792627948
"216",216,-4.98400802143147,-4.60068546532001,-5.1962193254239
"217",217,-4.97044424500131,-4.59536811525507,-5.46470644098057
"218",218,-4.97392739504121,-4.53471140178471,-5.35503394978182
"219",219,-4.95224254735144,-4.41034183385377,-5.23799881303187
"220",220,-4.95503767327436,-4.37674833599147,-5.1880461253076
"221",221,-4.67392042339195,-4.54172507901269,-5.10556701071342
"222",222,-4.67541266301556,-4.66411769985775,-5.03027903259744
"223",223,-4.6786459272846,-4.81310407332063,-5.39507942755006
"224",224,-4.6820642306507,-4.62625819989187,-5.41878444845292
"225",225,-4.68399647014995,-4.70903392188289,-5.27721643717683
"226",226,-4.6816619309988,-4.7441780988236,-5.26947716624229
"227",227,-4.64656564558019,-4.71246106285383,-5.2764366933824
"228",228,-4.66539311551248,-4.40750765017084,-5.03389873005608
"229",229,-4.90139060590116,-4.64203421288779,-5.08445705541235
"230",230,-4.89561485962266,-4.73851288269377,-4.7699310567127
"231",231,-4.87554880313578,-4.41252252693571,-5.38237292124541
"232",232,-4.8698010124364,-4.53293228236424,-5.26385422227746
"233",233,-4.83529768598892,-4.40291143820653,-5.28744257360077
"234",234,-4.82412842421675,-4.51749244960839,-5.36048697111416
"235",235,-4.80296519810566,-4.66070403709521,-5.25268153241543
"236",236,-4.78102360822624,-4.62676150842406,-5.3262168666269
"237",237,-4.84943478117179,-4.5829861930967,-5.13782752312851
"238",238,-4.8332176268864,-4.29137294106301,-5.30540147691167
"239",239,-4.82969542589182,-4.45868846416873,-5.38461454641036
"240",240,-4.80689819494805,-4.46511909629668,-5.37080578348109
"241",241,-4.82693856594295,-4.46511909629668,-5.43428207310794
"242",242,-4.80425342556618,-4.35656263495237,-5.28783954004542
"243",243,-4.79431045939404,-4.22979394083807,-5.16296254249674
"244",244,-4.76368603971436,-4.62044464333082,-4.75506612756772
"245",245,-4.52700716203436,-4.00398591889372,-5.15893808996572
"246",246,-4.63387638044866,-4.69138806531331,-5.36800367355736
"247",247,-4.55889003157662,-4.36186021226223,-5.33874707686554
"248",248,-4.55061793593234,-4.23888460410144,-5.54876345764843
"249",249,-4.55803383686403,-4.21848758942419,-5.45828390875182
"250",250,-4.5500676870825,-4.50248399384099,-5.63227180175027
"251",251,-4.52975197449524,-4.35982368496726,-4.89122863489314
"252",252,-4.61710882427771,-4.35982368496726,-4.99431449218682
"253",253,-4.58719300095605,-4.50609069066055,-5.3463716443096
"254",254,-4.58289168859813,-4.57723005163922,-4.48443693075414
"255",255,-4.6368460773356,-4.43355297822341,-5.42670004418128
"256",256,-4.64974366423545,-4.39213665813213,-5.38274171160489
"257",257,-4.67428895507468,-4.58899377566531,-4.33331959684392
"258",258,-4.52398342229248,-4.66602818281688,-5.35318967413343
"259",259,-4.52182946738603,-4.71646214898975,-5.03040490499516
"260",260,-4.5405195750377,-4.62275059458509,-5.17692967265694
"261",261,-4.55609648398396,-4.78871653069645,-5.28757266452922
"262",262,-4.55593218378648,-4.64984296180797,-5.04807550878791
"263",263,-4.55734297017567,-4.63006646441127,-5.25003809662732
"264",264,-4.56558867510256,-4.51749939109391,-5.18225017412393
"265",265,-4.57236476467999,-4.35236461838023,-5.15563867522577
"266",266,-4.65140720334824,-4.48765451702101,-4.22841800121916
"267",267,-4.64740540175942,-4.47615199120629,-4.31140996869022
"268",268,-4.6186608485219,-4.6859851804857,-5.31921888418281
"269",269,-4.67753415658133,-4.79442277493666,-5.44176190364919
"270",270,-4.64624824042382,-4.51625440372688,-5.56240782312499
"271",271,-4.64249380643093,-4.40638977144338,-5.54644872853911
"272",272,-4.62907605102949,-4.525962787014,-5.38093782252369
"273",273,-4.5265885287701,-4.30894635748912,-5.31785434901881
"274",274,-4.52567475274065,-4.46148457282074,-5.35451778167939
"275",275,-4.52224884915265,-4.90344880174082,-5.35964300292038
"276",276,-4.50216308330322,-4.85001044642626,-5.40171719848214
"277",277,-4.51263342030921,-4.6410158425944,-5.43217839266865
"278",278,-4.52451280604241,-4.87547629926461,-5.44729395844527
"279",279,-4.53377883759476,-4.83204525979841,-5.25148549140496
"280",280,-4.54405137981334,-4.05086303924087,-5.3340234137169
"281",281,-4.5238021417784,-4.67993410461123,-5.11072957318134
"282",282,-4.52047366321733,-4.72923846928198,-5.47562044043344
"283",283,-4.53274504653748,-4.72923846928198,-5.223933276979
"284",284,-4.52199647831573,-4.6331073200326,-5.4560728744092
"285",285,-4.56878680282376,-4.56335726733158,-5.44934921108013
"286",286,-4.57814408159882,-4.41138959011007,-4.98795253231751
"287",287,-4.50958032731291,-4.67409653517332,-5.2683685807649
"288",288,-4.54905806704499,-4.64205313193865,-5.3840825119887
"289",289,-4.55425279817393,-4.60245733020969,-5.40156038447529
"290",290,-4.58144992024914,-4.82180513638606,-5.47234102745936
"291",291,-4.57943078034366,-4.74788353804628,-5.40577106304162
"292",292,-4.57971219685959,-4.51710300174309,-5.01629708649697
"293",293,-4.6317113179164,-4.56236109501049,-5.22272238526044
"294",294,-4.64544937008668,-4.50907468868292,-5.39636919867193
"295",295,-3.56143875139501,-3.99633473321336,-4.93249948240446
"296",296,-4.54639714163096,-4.77687554945853,-5.17939633046357
"297",297,-4.54114234863283,-4.5391206799611,-4.99356445760189
"298",298,-4.5326438209662,-4.63974003706874,-5.42748940916239
"299",299,-4.52739619165924,-4.63083425417723,-5.5089410424906
"300",300,-4.51399604191832,-4.53332543124366,-5.25691414017741
"301",301,-4.52116131892968,-4.53332543124366,-5.45322160723113
"302",302,-4.51771026673163,-4.82602698537977,-5.33572005352177
"303",303,-4.47616447623571,-4.73541338735066,-5.41633788178217
"304",304,-4.52381292376064,-4.67142435412788,-4.89115316126077
"305",305,-4.52171626485811,-4.48587486006903,-5.18736752089426
"306",306,-4.52211916267153,-4.79168421564474,-5.20413450288599
"307",307,-4.56786661140423,-4.56820162952823,-4.7927478356151
"308",308,-4.58624995834086,-4.67070477272699,-5.46606527990662
"309",309,-4.5347214658548,-4.49082607106364,-4.95288838571981
"310",310,-4.6746130746033,-4.53971550387019,-4.76738972999571
"311",311,-4.59587503743508,-4.72327538275495,-4.93418153022207
"312",312,-4.5713925806672,-4.8873722067253,-5.11219984054426
"313",313,-4.52345926703717,-4.85365628055716,-5.39972839893431
"314",314,-4.54215393126963,-4.0863654164375,-5.45173080461787
"315",315,-4.57066494846387,-4.60539926785207,-5.43833184646075
"316",316,-4.56449786858366,-4.3440219868763,-5.42177999899629
"317",317,-4.55196129559188,-4.12178373196508,-5.27982522624437
"318",318,-4.71807990160665,-4.49530636690001,-5.2214738213092
"319",319,-4.7714565328561,-4.6410842313798,-5.42607173291182
"320",320,-4.76115179686374,-4.05900208672727,-5.04013700813063
"321",321,-4.76302201541584,-4.98945932925272,-3.67471566080367
"322",322,-4.70521541037532,-4.44519263733965,-5.42848283056687
"323",323,-4.72260998941612,-5.64300537681938,-5.3944775061181
"324",324,-4.7040288774446,-4.46515303630419,-5.32714296781688
"325",325,-4.78903340879029,-4.58433081791961,-5.3078633545332
"326",326,-4.76527988882135,-4.7538482003276,-5.67585687178514
"327",327,-4.79005959659072,-4.45870384402297,-5.47489806943198
"328",328,-4.79744390554293,-4.83281755358446,-5.54294824433918
"329",329,-4.74727741452116,-4.81034138661902,-5.51312666647363
"330",330,-4.76655488994114,-4.61511268270056,-5.33343049230778
"331",331,-4.75448200383769,-4.49697807304842,-5.41339115701782
"332",332,-4.73912482581456,-4.9907559360321,-5.30005898782572
"333",333,-4.41405456739015,-5.15959013002076,-4.71373272749174
"334",334,-4.42495975351229,-5.18073807534762,-4.99220334400766
"335",335,-4.43457837946956,-4.71009951663618,-5.41885112929555
"336",336,-4.42834548076973,-4.63702114278209,-5.46330543776963
"337",337,-4.39871061545612,-4.78020765861752,-5.49774484335849
"338",338,-4.4278773832779,-5.09311362853814,-4.94662091668328
"339",339,-4.44313556672839,-4.66910196797133,-5.50411953252052
"340",340,-4.43084708903261,-4.44726751598187,-5.31821566362534
"341",341,-4.58779950530985,-5.00777092677817,-4.73901994773402
"342",342,-4.58047116577034,-4.80348762292681,-4.9270132070487
"343",343,-4.58446726099156,-4.7334124495878,-5.43180034619849
"344",344,-4.54659340135101,-4.56556869947514,-4.08364598979857
"345",345,-4.52441644843797,-4.12695560429168,-5.45432556489753
"346",346,-4.52487301272931,-5.07193401783568,-5.06200643576656
"347",347,-4.59275098865286,-5.08260227128728,-4.9535397201303
"348",348,-4.60926064035125,-4.64539159361837,-4.60989557316524
"349",349,-4.55160945217875,-4.92618577208678,-5.27823515141042
"350",350,-4.55229583524215,-4.9094596323613,-5.15444972112248
"351",351,-4.55732448736573,-4.9094596323613,-5.53552946095793
"352",352,-4.53116192091587,-4.63773246442727,-5.5063812751655
"353",353,-4.51755885885382,-4.49434176833868,-5.42112652954422
"354",354,-4.43214946872632,-5.15013832336459,-5.23881664941558
"355",355,-4.38370923386858,-4.13737931712571,-5.10689202628035
"356",356,-4.38473906694287,-4.26919403234594,-5.53577516042546
"357",357,-4.38644320794003,-4.92541216521667,-4.98379340172847
"358",358,-4.59496234242812,-4.88635867885092,-5.36170250032243
"359",359,-4.64389957308224,-4.05946770383177,-5.31006343792813
"360",360,-4.62548297052061,-4.52313782692163,-5.18870751312911
"361",361,-4.62419549714085,-4.94387161299586,-5.43201679340134
"362",362,-4.58981625520988,-4.8693291020682,-5.57906681738225
"363",363,-4.51218609065858,-3.65626957188738,-4.65909379532021
"364",364,-4.5750633715817,-4.47553731412519,-5.4846731089622
"365",365,-4.58776517314644,-4.71485266173983,-5.27318881758752
"366",366,-4.5813208036748,-4.71485266173983,-5.56469483391377
"367",367,-4.58422588373701,-4.98033901971965,-4.18874065463074
"368",368,-4.57377357476884,-4.46784169814954,-5.2146518146855
"369",369,-4.57382096966731,-4.779878115677,-5.69247617884329
"370",370,-4.54444958494868,-4.62029853882032,-5.71419951376626
"371",371,-4.52742256782578,-4.26697017110011,-5.72451610884549
"372",372,-4.71222507479425,-4.34247388437651,-5.26034271561352
"373",373,-4.68054859247378,-4.38162600837371,-5.56846488655469
"374",374,-4.68839978137556,-4.33208463998235,-5.63406053307114
"375",375,-4.70741474530581,-4.45419622567581,-5.30883188039573
"376",376,-4.71499527423357,-4.32973082340891,-5.68208163183881
"377",377,-4.56580562985535,-4.34247388437651,-5.20713609707034
"378",378,-4.54336397188795,-4.50492536949929,-4.46300962443287
"379",379,-4.53925091987267,-4.36879659447063,-5.0389972995646
"380",380,-4.54775391632686,-4.81268110688785,-5.62805226440606
"381",381,-4.55648944113252,-4.79516709610462,-5.63219903580374
"382",382,-4.52813736477581,-4.44131599337129,-5.46141093982968
"383",383,-4.53265900042777,-4.47826625126191,-5.61459912441069
"384",384,-4.54376375093876,-4.39760418218938,-5.60068239090487
"385",385,-4.53553603420562,-4.35387034077875,-5.47446825381009
"386",386,-4.54350833995775,-4.43649902749868,-4.51538270578189
"387",387,-4.57190324337803,-4.52425316488472,-5.32702736518126
"388",388,-4.59969480651306,-4.60991627604463,-5.50442027834864
"389",389,-4.62262334909928,-4.22718424427755,-5.57774347466241
"390",390,-4.62933670432866,-4.17871309687147,-5.00005193301096
"391",391,-4.63061591008342,-4.22301214984115,-5.51180024321838
"392",392,-4.63056820617271,-4.30755135655245,-5.39916788087848
"393",393,-4.55334799340529,-5.09202445278605,-5.23933917008
"394",394,-4.58138362231016,-4.79457760786261,-5.62792220560158
"395",395,-4.57221011337273,-4.64844253699061,-5.23443980773564
"396",396,-4.58403330630102,-4.57074862510188,-5.55166595497932
"397",397,-4.58179755482891,-4.43959144068623,-5.69013758985753
"398",398,-4.38088397708221,-4.58121459519378,-3.63470479821295
"399",399,-4.42967925182479,-4.4839300915971,-5.04840021490531
"400",400,-4.42523107906186,-4.65673750994575,-3.83993527018553
"401",401,-4.55821799070389,-4.60168587844113,-5.05952496413362
"402",402,-4.55048097741329,-4.7615591629045,-4.22959969272769
"403",403,-4.5205342580148,-4.75565471323057,-3.5605993103375
"404",404,-4.52790652593705,-4.67017622940939,-4.38423724784037
"405",405,-4.47147636628242,-4.53113166920577,-3.84804464860615
"406",406,-4.53696001558142,-4.84793485411225,-4.84226850168527
"407",407,-4.56491706432961,-4.75112368309946,-4.53200281274204
"408",408,-4.31035548638946,-4.56672935700418,-4.28334018862652
"409",409,-4.34907114815314,-4.90980339845851,-4.96847841293756
"410",410,-4.3173579303582,-5.04131237822056,-5.00833159191673
"411",411,-4.47232526105932,-4.62862642141371,-4.78625560329604
"412",412,-4.55272815785153,-4.64766123357352,-5.06876745779015
"413",413,-4.52354975814834,-5.08103304602066,-4.06607189583107
"414",414,-4.52699832224685,-4.95699506983778,-5.23066439464789
"415",415,-4.48299304884019,-4.73838076222358,-4.64503990109784
"416",416,-4.45223020316351,-4.38596714771984,-4.95256583688363
"417",417,-4.43423943107768,-4.63989002594828,-4.91529462319015
"418",418,-4.49744849013137,-5.0180838833354,-5.39834902880114
"419",419,-4.5370797130423,-5.0765219658699,-5.15910684718669
"420",420,-4.31425437675026,-4.53732534912225,-3.82541963563623
"421",421,-4.29082325525646,-4.84271584995725,-5.15801494985566
"422",422,-4.27016078368842,-4.81715005644448,-5.24871977791106
"423",423,-4.30164687337901,-4.85452190851321,-4.06454302778437
"424",424,-4.52650397013862,-4.63992641962114,-4.9259329981103
"425",425,-4.49921270106324,-4.44555393213609,-5.54507397935979
"426",426,-4.51419779898795,-4.45617209390007,-4.87996284604483
"427",427,-4.53850733608484,-4.55786744901476,-2.66952493714535
"428",428,-4.51539929259319,-4.77752196425983,-3.82802568101938
"429",429,-4.49002316004492,-4.52367822559891,-4.13741267814422
"430",430,-4.48726846416772,-4.36439434832034,-3.97071166419611
"431",431,-4.50035224932553,-4.43274425344882,-4.838814015831
"432",432,-4.49406939532098,-4.61183427618877,-3.95862604400697
"433",433,-4.50741035488526,-4.25206197167934,-3.96610326178517
"434",434,-4.52738557167261,-4.5353356898028,-4.3847719188737
"435",435,-4.53113806194171,-4.61791680352384,-5.43756813159349
"436",436,-4.5319638886871,-4.27350413736175,-4.41809747614478
"437",437,-4.52013774203014,-4.50015185388862,-4.23964963607639
"438",438,-4.56547628825613,-4.70568691509196,-4.21214964124224
"439",439,-4.58396696765111,-4.24967413039604,-2.64018287977188
"440",440,-4.51742577282015,-4.68999984504551,-3.69475873898592
"441",441,-4.61473130087858,-4.55147702844943,-5.42553662561874
"442",442,-4.58055341859653,-4.46500467260613,-4.52112780768261
"443",443,-4.54684192134526,-4.40066752215979,-4.61111418579069
"444",444,-4.5373782084642,-4.75101129422048,-3.51237107753588
"445",445,-4.52844899326523,-4.48089384679036,-3.63329215445607
"446",446,-4.67801351239741,-4.58311066743331,-4.64909179899971
"447",447,-4.64202428894044,-4.51370539421128,-4.56800205498364
"448",448,-4.30164299926387,-4.12945166783668,-4.93140507519246
"449",449,-4.3340048275249,-4.51682226756613,-4.60360943096069
"450",450,-4.36192903644898,-5.33604955552352,-5.20927465920449
"451",451,-4.36352051955778,-5.60180023848765,-5.15414473741568
"452",452,-4.48567790751318,-6.60029875484388,-5.60660461130255
"453",453,-4.23684694646371,-4.74388567674362,-5.01064193114071
"454",454,-4.16656847806094,-4.91728649199686,-4.81025120351805
"455",455,-4.20798369923222,-5.12728081432721,-5.27763213073158
"456",456,-4.21280094381314,-6.11326505388841,-5.4719781237246
"457",457,-4.19773840412966,-5.32272881962218,-5.04343502830606
"458",458,-4.22866591129851,-4.77599893999545,-4.8764623664731
"459",459,-4.25592147307942,-4.96570679008455,-5.0023069130253
"460",460,-4.2738581397827,-5.03091260446927,-5.43475377214058
"461",461,-4.32036625215499,-5.56897174709672,-5.47295211886879
"462",462,-4.16062884587872,-4.89257538443832,-4.5050582292121
"463",463,-4.18471994118563,-4.70985115805383,-4.54148576738415
"464",464,-4.18747197695557,-4.75228708899673,-3.88949444058772
"465",465,-4.21479544655502,-5.98696139936905,-4.83282493097919
"466",466,-4.20024871504687,-5.08594581270801,-5.01568326027576
"467",467,-4.08355566529004,-4.74505703674792,-4.72480423483992
"468",468,-4.12964735214162,-4.84190847708421,-4.90629798360481
"469",469,-4.12922486709991,-5.10767156362431,-5.25434810886158
"470",470,-4.17237460037938,-5.43336714652607,-5.24827097036467
"471",471,-4.23736055260296,-4.79159205295519,-4.77278820964194
"472",472,-4.25921089132268,-4.84491279429639,-4.93422428474463
"473",473,-4.25725848714881,-5.31423324955119,-3.8911549300171
"474",474,-4.2457946530325,-5.64744026392375,-4.95510258209454
"475",475,-4.32278373124565,-5.83799442298396,-5.15556201209357
"476",476,-4.16462172037105,-4.11562811488178,-4.92347549268901
"477",477,-4.08874852572917,-4.85555152423624,-4.98427489127861
"478",478,-4.08321509044871,-4.99560719348523,-4.72211380877813
"479",479,-4.09081442760962,-5.04583863779726,-5.52989775866838
"480",480,-4.13443844589546,-5.19856355208589,-5.22108024446338
"481",481,-3.570132273567,-4.28275590542003,-4.41081226907419
"482",482,-4.1342667152977,-4.39816127284143,-4.9117684962296
"483",483,-4.15097604316408,-4.71897856824738,-5.26316332910925
"484",484,-4.18717941916839,-5.16672254974818,-5.26967072977216
"485",485,-4.54151396028719,-4.00194382368915,-0.094164110490614
"486",486,-4.52795604359706,-3.83729909949085,-0.0510332241109057
"487",487,-4.54453889537429,-4.12488733761169,-0.922299675811211
"488",488,-4.53919673900286,-4.04965853887455,-1.21920671083541
"489",489,-4.5252016951352,-3.39320243161255,-1.86824139538767
"490",490,-4.52836968280638,-3.4876846628881,-2.19325628871215
"491",491,-4.49945768106249,-3.57016791548961,-0.932478836331136
"492",492,-4.48608597443335,-3.70806813966435,-1.24420756881837
"493",493,-4.49416930854817,-3.72921315174188,-1.60836224322237
"494",494,-4.49385495142661,-3.5893248591384,-1.92777648987384
"495",495,-4.48388910340772,-3.90480635782531,-0.876194567506228
"496",496,-4.50212637872455,-3.64521810215306,-1.62206705176971
"497",497,-4.51809504919322,-3.57507254022297,-2.2475960639556
"498",498,-4.50380912400588,-3.63423227012775,-2.7231492320149
"499",499,-4.50759213540311,-3.70719889866988,-4.16269309924155
"500",500,-4.50069379454699,-3.62393201872086,-4.18064660277712
"501",501,-4.52067875523409,-4.21301794084898,-1.2477033099382
"502",502,-4.52208597920607,-3.83876053958218,-1.36683337236355
"503",503,-4.45719409589154,-3.52979117709148,-1.15214529894717
"504",504,-4.49246280062719,-3.28961290936192,-1.96139065138902
"505",505,-4.50735128080059,-3.39183077547749,-1.82558224530287
"506",506,-4.4955165636765,-3.4795826718001,-1.98924441633849
"507",507,-4.51580143912972,-3.40675596007292,-2.0713978352454
"508",508,-4.52504146131777,-3.36847689497814,-2.37517868707841
"509",509,-4.53574965159511,-3.80398411281908,-2.02438998891095
"510",510,-4.52776358688588,-3.90829454758086,-3.07842724984277
"511",511,-4.5414903588052,-3.64209135349457,-4.5346944360086
"512",512,-4.46121228147253,-3.51163393010146,-0.932044017917172
"513",513,-4.44832443998841,-3.44565612530365,-0.855600270293391
"514",514,-4.47453837081668,-3.52106633828578,-1.21062472693536
"515",515,-4.45476872196233,-3.6172897573849,-1.4837812780717
"516",516,-4.46793655059053,-3.56266882459745,-2.09751956027313
"517",517,-3.56143875139501,-4.4602137662885,-3.7670226235045
"518",518,-4.4031953449824,-4.27333172415666,-5.01751392502131
"519",519,-4.39600656016453,-4.40283574057106,-5.17191490222068
"520",520,-4.42638156082578,-5.26212483476475,-5.27009653399053
"521",521,-4.49580231890627,-5.69294730818687,-5.27541493418622
"522",522,-4.50189903845228,-5.7892959258807,-4.83579430218834
"523",523,-4.36817117875839,-4.29481907215121,-3.45331052179963
"524",524,-4.43793301509289,-4.82304473783056,-4.17723892690493
"525",525,-4.45313606171694,-4.8334915426557,-4.6416095910245
"526",526,-4.45517539043036,-4.63296971049485,-5.01381568428322
"527",527,-4.48649150511905,-4.87362625434874,-4.97170081551926
"528",528,-4.59018846900461,-4.47161421276188,-2.62837621935285
"529",529,-4.56407267616408,-4.63915729133885,-2.74462367944201
"530",530,-4.58865286669775,-4.54676605821477,-3.73696265647139
"531",531,-4.63418939668584,-5.26213897058557,-4.19474512208807
"532",532,-4.6140340828465,-4.5748478633849,-4.74143620496009
"533",533,-4.3839558088921,-4.44120813432243,-3.22425536666239
"534",534,-4.34949257547653,-4.64951281910856,-3.68681974661347
"535",535,-4.34224049943759,-4.32747078851742,-3.17627517391203
"536",536,-4.36005756867774,-4.0762802182079,-4.53433500979351
"537",537,-4.37930774902236,-4.59639813330697,-4.9813332293545
"538",538,-4.37789834813104,-4.59918622101697,-2.85391585494847
"539",539,-4.40993984402683,-4.75334121496531,-3.98070814075095
"540",540,-4.39613420043817,-4.79256221399784,-4.49240037353055
"541",541,-4.43013938805271,-4.46836929611673,-4.93395102449237
"542",542,-4.54367069069541,-4.59668760612644,-3.54209516798008
"543",543,-4.51284381891436,-4.91963064197656,-3.69657581775499
"544",544,-4.54939762580379,-4.14826438994176,-4.1048091474053
"545",545,-4.54732520793979,-4.48233346856058,-4.36630900392872
"546",546,-4.3102030553383,-3.76306472109098,-3.78300419887459
"547",547,-4.30784526506637,-4.56989256761541,-3.62479607157369
"548",548,-4.34598246363119,-4.57559328963947,-2.20822553601522
"549",549,-4.31605389283051,-4.48233346856058,-3.70437596971109
"550",550,-4.33062114138689,-4.99770499320208,-3.55564798195351
"551",551,-4.38149416427734,-4.73306077269649,-2.67949110937849
"552",552,-4.32356057046887,-4.52910511390941,-4.28558914394054
"553",553,-4.32194957569805,-3.96030796307227,-4.34147470628653
"554",554,-3.53018022726705,-4.31412895395601,-4.69440519303727
"555",555,-4.7031820722525,-4.17212869279823,-4.96287315501771
"556",556,-4.70567914952209,-4.16323210681216,-4.45693789415143
"557",557,-4.69011707887186,-3.77697532166665,-4.93635164574205
"558",558,-4.63385096263541,-4.05832030079305,-4.10944422728789
"559",559,-4.59157753834936,-4.02349998643417,-4.11833067887339
"560",560,-4.66582002662533,-3.61961201485705,-4.15232407882562
"561",561,-4.66278676873618,-4.58173566591784,-4.76022876869193
"562",562,-4.63698750018776,-4.10372702640078,-3.56952029188401
"563",563,-4.64693815778263,-3.9958377853531,-3.81982594765556
"564",564,-4.6472006883529,-3.82963961414136,-3.76087024978716
"565",565,-4.64162638775666,-4.17521343950936,-4.39416095394153
"566",566,-4.64173594761782,-3.69850995518324,-4.85669035337187
"567",567,-4.65292055648771,-4.22304219213662,-5.09553905089639
"568",568,-4.55855695073175,-4.08389598242922,-3.69837712297584
"569",569,-4.57800622541635,-4.02648022002178,-3.85327197232359
"570",570,-4.54860036066488,-4.35984441961697,-3.79061448933654
"571",571,-4.56113242114434,-4.46756269991872,-4.24966545808197
"572",572,-4.50988630137153,-4.13533508218106,-4.52238646658233
"573",573,-4.41833222604855,-3.95209029247629,-3.57619270959208
"574",574,-4.5495783498463,-4.05362619888648,-4.11084831966474
"575",575,-4.54006824099603,-4.32631001369861,-4.11059408956107
"576",576,-4.51153134510287,-4.30813351701458,-4.0225450001128
"577",577,-4.44863286082232,-4.24984854106923,-3.35437905106393
"578",578,-4.52695686869471,-4.03739877796471,-3.46091332606192
"579",579,-4.57207759830389,-3.98488917087174,-4.02810934456982
"580",580,-4.52009361114015,-4.31319037640875,-3.61740966601711
"581",581,-4.5580442270102,-4.20601676199202,-4.51032845131874
"582",582,-4.3891545702401,-4.09409696807352,-3.25807784704399
"583",583,-4.30934358837063,-3.90485983306508,-3.97953818859586
"584",584,-4.26343321446411,-4.0918788152503,-4.02922689878402
"585",585,-4.2889425417679,-4.31457027507128,-4.391510804289
"586",586,-4.2403899159376,-4.24140556834095,-3.4995660830613
"587",587,-4.16327462087779,-4.17632992036988,-3.30816712351915
"588",588,-4.19129735694783,-3.94043655262465,-3.56723080771683
"589",589,-4.23505880912378,-4.37377665416769,-3.93791117081579
"590",590,-4.01317158789688,-4.6574138816761,-3.71944059042037
"591",591,-4.01870705317382,-4.5107354221086,-3.35140509675298
"592",592,-4.04454474058299,-4.64030683192537,-4.60317160790377
"593",593,-3.5415951427807,-4.4320360617348,-4.67761904179016
"594",594,-4.5415999270229,-4.6942125019627,-4.37755140863144
"595",595,-4.59183329501821,-4.55229685991923,-4.70872165466273
"596",596,-4.6343066859012,-5.04368915112208,-5.59875133102328
"597",597,-4.48892612245251,-4.7178903667372,-4.64228657478456
"598",598,-4.54811146255495,-4.66068401958196,-4.89154662104247
"599",599,-4.50864277825963,-4.54008167223053,-5.0655348986193
"600",600,-4.47735431339678,-4.19193658166424,-5.43595898389538
"601",601,-4.49079498569624,-5.06240795008322,-4.81230390033252
"602",602,-4.50716433810526,-4.76431794268281,-5.46725600972334
"603",603,-4.49568856501982,-4.78295043328949,-5.3229920765713
"604",604,-4.42992193425312,-4.58417714948983,-4.22583798419571
"605",605,-4.50080117171012,-4.2937365583663,-4.70766208560697
"606",606,-4.51745505098761,-4.23538140904317,-4.82487754226742
"607",607,-4.52978552877471,-4.47977138009475,-5.20661154179636
"608",608,-4.53268455614786,-4.64440021429015,-4.70534088244505
"609",609,-4.58001836766546,-4.34621491259001,-4.55178562175597
"610",610,-4.59510086564196,-4.57295746664104,-5.22196726115604
"611",611,-4.32976997399264,-4.75990192495649,-5.18480363203487
"612",612,-4.39850490223346,-4.91493384357929,-5.20021096854638
"613",613,-4.40566247194373,-4.35373262359422,-5.16886055422208
"614",614,-4.44653914220928,-4.67597954511601,-5.01216807140649
"615",615,-4.45431607239502,-4.48372885040631,-4.88752748756313
"616",616,-4.37057815251069,-4.82338300738757,-5.22139405372844
"617",617,-4.36496839692939,-4.51316426215888,-5.18975057364789
"618",618,-4.37602143477993,-4.85276047711979,-4.84481472934896
"619",619,-4.4419081733769,-4.93035953974153,-3.64262125556841
"620",620,-4.44425833632606,-4.47717545146399,-5.39318341008586
"621",621,-4.2921443192919,-4.82457430221679,-4.77306048140193
"622",622,-4.35205869387743,-4.48896984227204,-4.80726690131811
"623",623,-4.32831854509662,-4.33763310162791,-4.86793313325473
"624",624,-4.3438459159764,-4.2024040892867,-5.34141735725561
"625",625,-4.35294748082001,-4.4320360617348,-4.60075117691658
"626",626,-4.34182114886742,-4.56235298085609,-4.69765240589934
"627",627,-4.37992496880144,-4.77256078988892,-4.55461127767439
"628",628,-4.55341418653301,-4.55463523879689,-5.44980548502886
"629",629,-4.57256611217768,-4.41189153991467,-5.04928029266717
"630",630,-4.55836810605702,-4.44466794774126,-5.08125654530377
"631",631,-4.57133035776041,-4.88003704826898,-5.35058571727995
"632",632,-4.60234971673587,-4.53605903112219,-4.92884400692065
"633",633,-4.57270934081611,-4.52089546271464,-4.98529897506517
"634",634,-4.58469566330927,-4.57626247478395,-3.66412628632569
"635",635,-4.56054938223842,-4.50958880442883,-4.51975947384379
"636",636,-4.57552583767751,-4.37692734098248,-4.96383939560891
"637",637,-4.56476150851379,-5.00001818742292,-4.00938198558597
"638",638,-4.50708390163272,-4.54456883563597,-5.17393363934415
"639",639,-4.52283837426438,-4.54456883563597,-4.93559906614559
"640",640,-4.52436334255654,-4.38572087926683,-4.61827544690775
"641",641,-4.51019615111158,-4.36445781116522,-5.05975773516212
"642",642,-4.55362392000933,-4.570294539211,-4.71476662141423
"643",643,-4.63395094801908,-4.61897008902816,-5.47966126767022
"644",644,-4.62751018514313,-4.62667805209668,-5.30130868626681
"645",645,-4.62202042784251,-4.6795296470737,-4.51206084543195
"646",646,-4.63692941486024,-4.53473077244208,-5.16839116221088
"647",647,-4.64081664906251,-4.51244093659432,-3.96462218332887
"648",648,-4.62938484747261,-4.32851999904674,-4.17294075544896
"649",649,-4.59860980708392,-4.25664620542505,-3.62901789474394
"650",650,-4.5917069302806,-4.24714873395338,-4.06616128334703
"651",651,-4.62035688477843,-4.26846615857345,-4.70308415614759
"652",652,-4.57271268567332,-4.35430264336069,-4.94277463676022
"653",653,-4.57913147291179,-4.5069456805719,-3.95522988273745
"654",654,-4.58160084555727,-4.75212474000646,-5.62493594803165
"655",655,-4.58766681423734,-4.88606241752627,-5.12348847932344
"656",656,-4.46440468958482,-4.24808643548217,-5.18580871682665
"657",657,-4.51908335931322,-4.83437385694189,-4.13487407870668
"658",658,-4.49180135016608,-4.96905474375785,-4.70594110879429
"659",659,-4.51813144949461,-4.67503911875791,-4.76714794952581
"660",660,-4.52345265500188,-4.45889578998025,-5.06202498946519
"661",661,-4.52704484740484,-4.77508820627212,-4.65291068515224
"662",662,-4.52770409577309,-4.53829638858037,-5.20348905506989
"663",663,-4.59943809210282,-4.44026966747179,-5.37651928865297
"664",664,-4.63428369941067,-4.58350264397672,-5.15714265043868
"665",665,-4.62291651292677,-4.52485164779171,-4.35387165871392
"666",666,-4.63627505152626,-4.60781062645887,-4.39027991372111
"667",667,-4.62847889421946,-4.46155616740973,-5.19325070349583
"668",668,-4.63355219616307,-4.58572248707252,-4.28415663176203
"669",669,-3.5415951427807,-4.52294329282612,-5.0940245334858
"670",670,-4.67435499885555,-4.32969107243966,-5.27629282734271
"671",671,-4.66461462326111,-4.52590569405329,-5.49011481439335
"672",672,-4.679437587643,-4.69277317443474,-3.13161299240404
"673",673,-4.67837112549154,-4.41850578728944,-4.8774360988741
"674",674,-4.75070603713376,-4.82967305144512,-3.85778574132922
"675",675,-4.89911788044557,-4.87676461481011,-4.79590275956113
"676",676,-4.88919748965889,-4.81146383288965,-4.98561234910554
"677",677,-4.65974206925119,-4.96638549755083,-5.08343349876673
"678",678,-4.6498330833322,-4.98352548075894,-4.95971293117242
"679",679,-4.63376749407329,-5.01078131364899,-4.80181998273245
"680",680,-4.58589368850073,-4.76523066823847,-5.08703127323536
"681",681,-4.55754863249328,-4.9034175331585,-1.66311930990417
"682",682,-4.57526610508917,-4.92210975937653,-4.20516844656277
"683",683,-4.60558010293461,-5.12104229305964,-3.57843984398143
"684",684,-4.56503053878404,-4.92507367830557,-4.43282413703661
"685",685,-4.55913672381575,-4.73153064382744,-5.15365655388122
"686",686,-4.5884784469723,-4.89488486900969,-4.55195042640173
"687",687,-4.56306164098079,-4.90079634385727,-4.51045536513347
"688",688,-4.60298850685106,-4.81364863462298,-4.87935076921394
"689",689,-4.56591512282686,-4.47638469799797,-5.0886526775487
"690",690,-4.42543185247343,-4.82967305144512,-5.11947798709622
"691",691,-4.44397147956515,-4.82384785557713,-5.11514975745106
"692",692,-4.45269702283167,-4.42841106841055,-4.96856240978015
"693",693,-4.37511595441988,-5.0067803861824,-3.38184657796176
"694",694,-4.43783067059683,-4.91781831860413,-3.73245800557945
"695",695,-4.41822833838096,-4.84231729342136,-4.74363472796381
"696",696,-4.42512753687496,-4.65202783474637,-3.6642869510512
"697",697,-4.44898218941337,-4.37277010199169,-5.23258296070861
"698",698,-4.47431207300734,-4.90202346952332,-4.7567274637224
"699",699,-4.45243318839282,-4.80954009940155,-4.90300874102334
"700",700,-4.43669751715818,-4.71816762919481,-5.20409101797676
"701",701,-4.351093647966,-4.72819920351412,-5.2311974622756
"702",702,-4.40664190747907,-4.79179396319316,-4.65698730346992
"703",703,-4.36540678204107,-4.79202376375084,-4.86691244119239
"704",704,-4.36295518217489,-4.76710520664583,-5.02627507736026
"705",705,-4.31640484837824,-4.26287769820324,-4.68669645852456
"706",706,-4.55018137824899,-4.8623890974849,-1.7362893235799
"707",707,-4.54433202080356,-4.39593801705978,-4.17628123974783
"708",708,-4.5297106885733,-4.40923808395103,-4.42007279142572
"709",709,-4.57039164163406,-4.8234643232822,-5.09627721940889
"710",710,-4.54902375568795,-4.78854977152568,-4.20060761916573
"711",711,-4.54409015225409,-4.39026430461967,-4.2940675180713
"712",712,-4.54706975856394,-4.33686473674191,-4.66255025752679
"713",713,-4.48080214735842,-4.46522918037514,-3.88739264434893
"714",714,-4.4861600391419,-4.51925731505522,-4.45902546175995
"715",715,-4.49849403868359,-4.07182412060589,-3.92429831882241
"716",716,-4.57398686346244,-4.52209190038299,-3.97534296276909
"717",717,-4.58207722919009,-4.40558263646048,-4.49854445787364
"718",718,-4.56380128820984,-4.24084383373084,-4.37695000137053
"719",719,-4.57127127007878,-4.18486776034898,-4.12604616569212
"720",720,-4.53859772605582,-4.77367222035168,-4.23967028558593
"721",721,-4.55610907027566,-4.74380299722271,-3.88472489882943
"722",722,-4.5385938237087,-4.75860215908829,-5.00320016465631
"723",723,-4.51466620931987,-4.41141958001689,-4.70208143741542
"724",724,-4.44401167578108,-4.28522895221307,-4.81350570046879
"725",725,-4.44560457748538,-4.53197339298527,-4.07076411761372
"726",726,-4.41936989431515,-4.50158118844168,-3.75959190481582
"727",727,-4.59586495035914,-4.56644376485407,-4.78219538206721
"728",728,-4.57985886481569,-4.21251082058045,-5.08980323606952
"729",729,-4.55362842220501,-4.25728894402567,-5.10598165038083
"730",730,-4.39498542570602,-4.38482804729211,-5.05748078485706
"731",731,-4.36875004344411,-4.39245178030822,-5.01943199738919
"732",732,-4.39157436639919,-4.39245178030822,-4.61087625656872
"733",733,-4.43934537843816,-3.89170129018574,-4.60011343759974
"734",734,-3.5609635180727,-4.07766194916844,-4.17438891487546
"735",735,-4.43785236641201,-4.08392791999822,-4.42745376868857
"736",736,-4.45293958106152,-4.42580105691712,-3.85982718889303
"737",737,-4.5668667665147,-5.0687465972166,-4.80823309014203
"738",738,-4.41169423362053,-4.66443522773038,-4.73867538789875
"739",739,-4.43357153211636,-4.59421073052151,-4.6923926097392
"740",740,-4.44731884979318,-4.4565871219053,-4.61954222069004
"741",741,-4.46303496128645,-4.72812152368095,-4.4516503770897
"742",742,-4.39409263922295,-4.72090050677198,-4.4777151640087
"743",743,-4.42205107086064,-4.32631291931047,-3.63501486079678
"744",744,-4.46978384732685,-4.21266234515588,-4.12008954813346
"745",745,-4.46245530326951,-4.4626009183537,-4.39077390969994
"746",746,-4.36648195461262,-4.79907639346076,-4.0365825277715
"747",747,-4.3550691860243,-4.79907639346076,-4.1409040792777
"748",748,-4.3667832138196,-5.20203215096524,-4.64451605814399
"749",749,-4.37775290708458,-4.83669323853556,-4.4817907416757
"750",750,-4.43460065692507,-4.74296330051427,-3.39472872279034
"751",751,-4.45188317905243,-4.72782462267549,-4.06779778875792
"752",752,-4.47587970199801,-4.96726767086221,-4.36562313526373
"753",753,-4.51124131992721,-5.01903188057421,-4.3567323182841
"754",754,-4.4510655692527,-4.60414379463383,-3.53851730599077
"755",755,-4.40280128299268,-4.75456995350038,-3.47735604374953
"756",756,-4.49825724001971,-4.48414377575588,-3.72250966069279
"757",757,-4.28952451938277,-4.39534838321098,-3.29953167475524
"758",758,-4.30694051041673,-5.13625337074548,-4.08286553570076
"759",759,-4.28871793016189,-5.20237857123119,-4.65990111699831
"760",760,-4.36150413532404,-3.74129056236346,-3.69444994200735
"761",761,-4.39166867542095,-4.66359385056128,-3.93772500646544
"762",762,-4.4182007199424,-5.07711116871207,-3.25667155290283
"763",763,-4.31327033557488,-3.68901754527692,-4.53743602634989
"764",764,-4.33772727835505,-4.1899159960373,-4.3374792714038
"765",765,-4.36496915209679,-4.19445677067144,-4.24186760797205
"766",766,-4.4905375608153,-4.32738674437047,-4.2702865998487
"767",767,-4.51000577252175,-4.40213070236108,-4.72950790425549
"768",768,-4.46596503874402,-3.99551943386391,-4.13017915394278
"769",769,-4.39657915476557,-4.06814177291423,-4.13123045255104
"770",770,-4.37603259846186,-4.51131934925983,-4.31133146866696
"771",771,-4.39695120653453,-4.56965777572971,-4.40738165446598
"772",772,-4.32061180546597,-4.32933151709499,-4.15401985557252
"773",773,-4.31959847180408,-4.43973085227381,-3.96515438624748
"774",774,-4.37797761054091,-3.98482700364289,-4.71515170694848
"775",775,-4.35701614980182,-3.99967406258998,-4.41009605283041
"776",776,-4.32900664043143,-4.38872664466581,-4.31517751275272
"777",777,-4.37167253630348,-4.67882754233706,-4.09008596089425
"778",778,-4.3793187729113,-3.91029535126683,-4.02369931033564
"779",779,-4.44994600066173,-3.97987276290847,-3.8114817650963
"780",780,-4.5007350929898,-4.13863410324733,-4.38134632699085
"781",781,-4.50746913087623,-4.1799735846455,-4.07481081684301
"782",782,-4.4976829631588,-4.0867031008232,-3.94649697104878
"783",783,-4.49698992306304,-4.2268122466526,-3.69520393614804
"784",784,-4.41017416110129,-4.19710315824693,-4.62760141598472
"785",785,-4.24167018688152,-4.79263148004627,-3.41455400701866
"786",786,-4.32994805496488,-4.3536860853462,-4.15950911265975
"787",787,-4.28770794549523,-4.3536860853462,-3.84217550810932
"788",788,-4.2110600383307,-4.23182194498385,-4.47304254980098
"789",789,-4.26084217180493,-4.69890608108317,-3.78855839066507
"790",790,-4.22022694180523,-4.10298796679362,-3.72281973754488
"791",791,-4.25435593168033,-4.04646142904623,-3.45050353178015
"792",792,-4.26703942731298,-4.26625457216507,-3.96253254168354
"793",793,-4.30083594850382,-4.12610382844055,-3.79253519612003
"794",794,-4.36818166783453,-4.39560662089623,-3.79880188408245
"795",795,-4.3570913096729,-4.40837564702064,-3.48730213558385
"796",796,-3.57957769867298,-3.99686145913378,-4.14320332537335
"797",797,-4.44999663198934,-4.1042629800378,-2.91676111357579
"798",798,-4.43167668081589,-4.08809185178608,-3.43041198290141
"799",799,-4.49660407497831,-4.54051950959491,-3.06261865510138
"800",800,-4.49758058303226,-4.8213337290454,-3.29449199184819
"801",801,-4.48293274288853,-4.23911722608193,-3.67670869110477
"802",802,-4.49399518187857,-4.0221467980931,-3.18691592680005
"803",803,-4.7161158484636,-4.07085469011901,-2.62980079503633
"804",804,-4.40089982054618,-4.68284415236002,-5.09185185062434
"805",805,-4.36122372052462,-4.38713634923212,-5.20624463834894
"806",806,-4.37968391383304,-4.45154034236395,-5.19032349548109
"807",807,-4.39144341282808,-3.99595522848799,-5.1797918279487
"808",808,-4.5628113824992,-4.95664845393418,-2.82864773018644
"809",809,-4.62256950070072,-3.83898487368283,-5.00222425458015
"810",810,-4.58456040851238,-4.55705709654689,-5.07757233479129
"811",811,-4.60764504649994,-4.20498610950635,-5.23092147666326
"812",812,-4.59192892828087,-3.96232665954252,-5.2111041011336
"813",813,-4.62112895682838,-4.58819108277343,-4.87908450800979
"814",814,-4.59817642820611,-3.62529452479673,-5.02633759672979
"815",815,-4.63569777094129,-4.09775350433822,-5.40236376391815
"816",816,-4.5792527473734,-4.39417099174691,-4.986710078005
"817",817,-4.62078387569542,-4.70551033052067,-5.14709636736995
"818",818,-4.63203298422558,-4.95863667217741,-5.26263657834271
"819",819,-4.22231295679858,-4.84884889083505,-5.03096915371538
"820",820,-4.25044843918827,-4.83443601311727,-5.32348087300596
"821",821,-4.25560315708289,-4.77617923617647,-5.25023778392146
"822",822,-4.30634095664454,-4.27398723315975,-2.97454678505271
"823",823,-4.37724147090456,-4.48762611485091,-5.03389849427835
"824",824,-4.36916222226875,-4.43493186820889,-5.13568222533998
"825",825,-4.38128521592291,-4.53302054310022,-5.24248358383511
"826",826,-4.41268716988218,-4.3949813142769,-5.28680369974553
"827",827,-4.33268518094153,-4.58328317005352,-2.4070096003634
"828",828,-4.31241907979694,-4.70317702535601,-5.25394521061584
"829",829,-4.3551340111793,-4.89101980112167,-5.2364710139784
"830",830,-4.31172218407707,-5.09340841381972,-5.32161930655218
"831",831,-4.32715568804253,-4.70623563073468,-5.21510073283947
"832",832,-4.34559820788933,-5.39671223057711,-5.16892928086307
"833",833,-4.33328907068078,-4.4397029645891,-5.12402911857504
"834",834,-4.20319511879038,-4.95012759148099,-3.29300150171788
"835",835,-4.20746525675662,-4.59753123340485,-4.8756401156724
"836",836,-4.24157286083996,-5.82563843585006,-5.07555406906001
"837",837,-4.22499662912039,-5.55251536899989,-5.29073355691443
"838",838,-4.60651716423341,-4.41960877192338,-5.01089270565156
"839",839,-4.59732352544131,-4.05935893773746,-4.80319060470107
"840",840,-4.60346740194763,-3.78075212882919,-5.19087886132521
"841",841,-4.60032115804746,-3.99634008678654,-4.90015601323979
"842",842,-4.60405312697433,-4.23890707817927,-5.16920837588729
"843",843,-4.60329783185669,-3.88274273241982,-3.08893088194126
"844",844,-4.61829897568602,-3.7819141682805,-4.39348285733064
"845",845,-4.59328305050375,-4.10141067440179,-4.93983489773248
"846",846,-4.5773836257935,-4.75820795573794,-4.80692619881513
"847",847,-4.65495108855551,-3.94872546536323,-4.77886773078564
"848",848,-4.66831966569078,-3.88080261376431,-4.71828892474319
"849",849,-4.6534369158159,-3.75127766439843,-4.75113429972526
"850",850,-4.68008937810895,-4.31938156096631,-4.63065602782502
"851",851,-4.66824094700294,-4.26913282795178,-4.86938197739701
"852",852,-4.67567524516564,-4.38168990481994,-5.02739051877892
"853",853,-4.64911867878187,-4.66500264436369,-4.33189613182003
"854",854,-4.61992069655427,-4.26505266952371,-4.96625360529054
"855",855,-4.64096431443854,-4.2077114904162,-5.14165113885095
"856",856,-4.61591988521662,-4.03838264136824,-5.28142980297658
"857",857,-4.67756853368686,-4.43443817886848,-4.87365106557708
"858",858,-4.68023661126732,-4.01717110254316,-4.60585967498772
"859",859,-4.67715291697137,-3.70817806291104,-4.86591424278895
"860",860,-4.67451278301393,-4.03428856106127,-4.82437054362087
"861",861,-4.66660520837795,-4.59850153448694,-5.03336223018697
"862",862,-4.64640526095879,-4.61855424775704,-4.58759405922354
"863",863,-4.66057441291024,-4.85659613923083,-5.37021355820161
"864",864,-4.63533280671335,-4.95735814567836,-4.63587715730021
"865",865,-4.60657216524388,-4.59425885953755,-4.04849891115361
"866",866,-4.68440642805695,-5.03826468917934,-5.37145595822984
"867",867,-4.61602135289671,-4.93543872038774,-4.99896216213707
"868",868,-4.60216551896437,-4.59772597128813,-5.35021026107122
"869",869,-4.61481306190052,-4.69884316641998,-4.80586247639791
"870",870,-4.69556047173482,-4.79857671675397,-5.23002169305114
"871",871,-4.7419643489642,-4.80829114703217,-5.2006968180826
"872",872,-4.54977840278763,-4.77446730652702,-5.13847034781538
"873",873,-4.65604519650464,-4.58836791303093,-4.94185138882424
"874",874,-4.67716391263798,-5.45264179649864,-5.27412357527222
"875",875,-4.823174934253,-4.32806473328892,-5.25391520729157
"876",876,-4.92300278805109,-4.92325230270011,-5.38513839227031
"877",877,-4.81116764481288,-4.75569256670026,-5.45870290205577
"878",878,-5.00041620531446,-4.54964033149763,-5.02860536593977
"879",879,-4.67207835402646,-4.65762239546188,-3.46869172653439
"880",880,-4.63387432045273,-4.34885158035356,-5.24978879834603
"881",881,-4.65503437080176,-5.1300517137511,-3.69663867815669
"882",882,-4.7236748468657,-4.85785940654161,-4.21415571075341
"883",883,-4.93677830340156,-4.7376088254464,-5.21336918463447
"884",884,-4.90070136732777,-4.76785312853254,-5.18086293458
"885",885,-4.61181287617804,-4.53298917588566,-5.13938523829695
"886",886,-4.62464470167532,-4.44962163649592,-5.07029744759107
"887",887,-4.61837182493755,-4.710687849901,-4.79741343078236
"888",888,-4.79367636173945,-4.1366621552089,-5.34300766947576
"889",889,-4.73882054293251,-4.84651036912864,-4.96177023961695
"890",890,-4.76178717839923,-4.77368605703882,-2.38007204965698
"891",891,-4.67090950377662,-4.31065337199148,-4.79550808216228
"892",892,-4.65232343291787,-4.55336086053989,-5.23498621193931
"893",893,-4.61840459317323,-4.59887436670508,-4.96022391546459
"894",894,-4.65486260009063,-4.67412765124847,-5.52242783824825
"895",895,-4.64994310947058,-4.69948959282885,-5.22548996641111
"896",896,-4.72889536636634,-5.11372303047064,-5.36469917601725
"897",897,-4.84254897996639,-5.05450017919889,-5.01658644375138
"898",898,-4.8273081833131,-4.95979900129053,-5.1687623760722
"899",899,-4.66312006502396,-5.13644288313101,-4.85829601963043
"900",900,-4.6871502920506,-4.64204974554001,-5.36689304812936
"901",901,-4.67028225339191,-5.13644288313101,-5.24573342245145
"902",902,-4.71000022383754,-4.70325984988179,-5.00898625950083
"903",903,-4.73363157622796,-4.67412765124847,-4.67754417666741
"904",904,-4.61027724686884,-4.8453602987776,-5.10586424382813
"905",905,-4.41016798611477,-4.90772174299173,-4.21118330820875
"906",906,-4.42060166883264,-4.14274254713653,-3.68283394410768
"907",907,-4.4834787305376,-3.92975449626667,-4.47360714022907
"908",908,-4.45497350302993,-4.23507777598021,-5.37426310848212
"909",909,-4.48047853610205,-4.39429144666089,-2.94870504609578
"910",910,-4.49937666213388,-4.21084424504016,-4.90800772786147
"911",911,-4.6306757535578,-5.26324686880793,-4.80861961889397
"912",912,-4.63300878664933,-4.97751640720655,-4.34344609335431
"913",913,-4.61653998367782,-4.5498969860941,-3.73455335855858
"914",914,-4.59937620749265,-4.62473513760007,-4.29880475809069
"915",915,-4.63635416458029,-4.75129196328543,-2.81923004343109
"916",916,-4.61903648105906,-4.52304582830009,-2.25130438855546
"917",917,-4.62445861675153,-4.22104911414653,-5.42564577906397
"918",918,-4.71351146633822,-4.39821146598922,-2.66005291845537
"919",919,-4.74281868140366,-4.34940061740036,-4.80488149416415
"920",920,-4.73413406725463,-4.02679287227128,-5.43028641540704
"921",921,-4.69120505900308,-4.71556812666215,-4.73570705551991
"922",922,-4.67955573573808,-5.06559852642617,-4.5198291164369
"923",923,-4.66106144886595,-5.31431095781157,-4.64801394337207
"924",924,-4.64604171203804,-4.25421716923201,-4.76022379938606
"925",925,-4.74958866940011,-4.11522871842851,-2.85872394598205
"926",926,-3.570132273567,-3.65129685137538,-3.08323576971289
"927",927,-4.67613644293471,-3.8314885856647,-4.11937451524388
"928",928,-4.69621262375562,-4.06854186544901,-4.35951636235137
"929",929,-4.72614403692279,-4.19777754610584,-1.51316312819557
"930",930,-4.72957557345572,-3.84787665236809,-4.90866038749868
"931",931,-4.28987490337147,-3.85639896730253,-4.33574224245773
"932",932,-4.27920210471835,-4.41055612582642,-4.68953434798889
"933",933,-4.28124607319908,-4.00182196851086,-5.0057549427554
"934",934,-4.28869380116801,-4.03167792266202,-3.13284811460814
"935",935,-4.30536091287133,-4.33973007358255,-4.72243546020161
"936",936,-4.4068492224189,-3.9134267196788,-4.47416581919897
"937",937,-4.42623652806364,-4.31482577267707,-5.03939183608324
"938",938,-4.42279966414442,-4.50906709072056,-5.09090174424849
"939",939,-4.44949803228737,-3.6920451768244,-4.74433311435384
"940",940,-4.42897353822565,-3.9249382428372,-3.41264579045962
"941",941,-4.46609561976454,-4.07557273641766,-4.70654178510782
"942",942,-4.47550424225518,-4.46182538566035,-4.50051831681775
"943",943,-4.26701848029816,-4.37456653664943,-1.7150518869738
"944",944,-4.34102775153008,-4.04679705819601,-4.4345325884277
"945",945,-4.39652871113159,-4.30365455468926,-4.24343629471403
"946",946,-4.33438708772202,-4.47421061907867,-4.86223439310705
"947",947,-4.36856827817832,-4.07640396069105,-3.80401366767036
"948",948,-4.39332418572576,-4.35092054940045,-3.76847563042987
"949",949,-4.17872117728323,-4.23598880194286,-4.54407477945412
"950",950,-4.16331710088204,-4.17860353809915,-4.7065052868746
"951",951,-4.15094179751505,-4.22503819153929,-4.418888224258
"952",952,-4.17767713030907,-4.53703834350371,-4.42044697534135
"953",953,-4.22226265197596,-4.90844069758582,-4.82866289576362
"954",954,-4.21284217238093,-4.39187599286226,-4.77683044075026
"955",955,-4.17188406483418,-4.1644007464668,-4.17640946556557
"956",956,-4.24801870601761,-4.23598880194286,-4.64534291547016
"957",957,-4.26417125292723,-4.0540467809202,-4.72682443939398
"958",958,-4.26202416412301,-3.83848217077123,-4.89144554442256
"959",959,-4.26872697586257,-4.66084347680726,-4.8333442004218
"960",960,-4.15754839878485,-4.12466491572621,-4.46685172302298
"961",961,-4.09673850413574,-4.14220956799352,-4.6458420907721
"962",962,-4.0688421122267,-4.44674140037983,-4.43021253214914
"963",963,-4.10377976713399,-4.28407475251223,-4.49693615415446
"964",964,-4.16751660901792,-4.22643951024198,-4.29792555009682
"965",965,-4.13853959367214,-4.5705104963352,-4.76322373464836
"966",966,-4.14563643995924,-3.81202528067777,-4.74122616576172
"967",967,-4.25256495444371,-5.24108933359511,-5.03915743050905
"968",968,-4.43227540807727,-4.05865117154871,-2.92698955711693
"969",969,-4.48498333218298,-4.12635706594702,-4.74534550812895
"970",970,-4.50015383270374,-4.35003053314376,-4.15854852649713
"971",971,-4.47302006777668,-4.45913473456045,-4.4257536102759
"972",972,-4.4077930474782,-4.75489012040348,-4.49861790499192
"973",973,-4.42935555329377,-4.85290936289767,-4.60901602876948
"974",974,-4.42739501473954,-4.61629075322815,-4.82285296923565
"975",975,-4.50568202802615,-3.9689319341927,-3.90544692551936
"976",976,-4.52542150456481,-4.29233381530282,-5.02235091840234
"977",977,-4.51260760868738,-4.47333445254874,-4.33893452450244
"978",978,-4.51287431102403,-4.97216328625488,-4.84601406587413
"979",979,-4.51303982952918,-4.29076881560702,-4.62248632482356
"980",980,-4.52844678272536,-3.90400282605676,-4.68286137070217
"981",981,-4.5353288066106,-4.27645285900006,-4.50648294194114
"982",982,-4.51460045122061,-4.22559425492396,-4.96481880591388
"983",983,-4.46045771863662,-4.38375791727128,-4.85043786250632
"984",984,-4.50050120731951,-4.73290797125029,-4.53776868987882
"985",985,-4.50887059698312,-4.3207324029108,-5.05287784224343
"986",986,-4.5081005875454,-3.5138929475176,-4.90222314803789
"987",987,-4.52497692684483,-4.30372207375768,-4.46582363233056
"988",988,-4.53699678920318,-3.67951349870011,-4.00267741421678
"989",989,-4.56036288657955,-4.19677038508076,-4.89360417097438
"990",990,-4.62707036513786,-4.05865117154871,-4.36617797257703
"991",991,-4.57690648502198,-5.12347791312496,-5.3521034674092
"992",992,-4.56888998599851,-5.37379096000027,-4.45619164732875
"993",993,-4.5930577061752,-4.26193245908404,-4.74945935525445
"994",994,-5.1456496389149,-4.79522551693201,-5.443874205903
"995",995,-5.07729819328024,-4.72580080794977,-5.49710994974535
"996",996,-5.13841723447236,-4.67965353298961,-5.23204362914832
"997",997,-5.07235927247654,-4.55207097512285,-5.41407948639577
"998",998,-5.04446985497805,-4.14319603522053,-5.31646040920906
"999",999,-5.00901812678218,-4.09830351058089,-5.45886085850913
"1000",1000,-4.9846147074715,-3.91306812198181,-5.47141249959764
"1001",1001,-4.9795097768368,-4.54439756203547,-5.31827297070355
"1002",1002,-4.84660276694578,-4.56666716676636,-4.81858171782356
"1003",1003,-4.83478171326784,-4.48338048405152,-5.44863492188853
"1004",1004,-4.85002435144484,-4.72476390349182,-5.32081814929767
"1005",1005,-4.82554555028479,-3.9333198163491,-4.21922994085976
"1006",1006,-4.95151207462264,-4.68172036007693,-5.38034436926425
"1007",1007,-4.98247085721239,-4.77938551192834,-5.43698566777479
"1008",1008,-4.99786183747332,-4.73110451905225,-4.07874851635837
"1009",1009,-4.9086465246388,-4.63303061208255,-5.57944433152545
"1010",1010,-4.89394871800164,-4.41620754447947,-5.5703754164579
"1011",1011,-4.8859691540127,-4.22413091909805,-4.28654125080051
"1012",1012,-4.97538084468438,-4.63102536570199,-4.97668055481499
"1013",1013,-5.05233565763913,-4.4993425632947,-4.83822105409221
"1014",1014,-5.0651723875232,-4.49481729393899,-4.38579344469513
"1015",1015,-5.01725324179653,-4.7433928590727,-5.35705483292785
"1016",1016,-5.00947924806309,-4.21369604071503,-5.01612027079736
"1017",1017,-4.94439267075717,-4.32075532264431,-5.58409001058506
"1018",1018,-4.91444458277627,-4.16769435731372,-4.72658809288178
"1019",1019,-4.92435337642626,-4.96495864716915,-4.34723442429083
"1020",1020,-4.69175280961786,-4.47709678006363,-5.0930771379261
"1021",1021,-4.60403794822113,-4.75280018961404,-5.33740986933278
"1022",1022,-4.56694725922779,-4.52174286846446,-5.32098921294217
"1023",1023,-4.53672478639702,-4.73483146786565,-5.19091362406876
"1024",1024,-4.50199530211509,-4.62340021347111,-5.59287984637058
"1025",1025,-4.49949865867076,-4.11602908439592,-5.53347732956801
"1026",1026,-4.46356601525025,-4.26025256844838,-5.53339418662766
"1027",1027,-4.48103871426501,-3.96916754065318,-5.2947803590864
"1028",1028,-4.68944020666859,-4.52163790220644,-5.21181968790329
"1029",1029,-4.65343522775625,-4.51025115764204,-4.96096409856562
"1030",1030,-4.668148214363,-4.65357946553497,-3.47174911181851
"1031",1031,-4.68681156470162,-4.34987827768403,-5.69154887343756
"1032",1032,-4.6314113720919,-4.53943367801132,-5.38701077735284
"1033",1033,-4.63137669643482,-5.03084191042627,-5.32812074773292
"1034",1034,-4.60945491259433,-4.78764433135554,-4.5388033363047
"1035",1035,-4.58592604372047,-4.7791597616415,-5.23508028635879
"1036",1036,-4.72146220635675,-4.66652734115158,-4.7623934123825
"1037",1037,-4.66324955458852,-4.70157891803866,-3.80049249680061
"1038",1038,-4.69457652513504,-4.24823293813764,-4.68655211737258
"1039",1039,-4.63639385060924,-4.59297061065595,-5.51465021519628
"1040",1040,-4.61261831718818,-5.14706043819796,-5.07902853920279
"1041",1041,-4.62978874693383,-5.13894882647009,-5.21803124332265
"1042",1042,-4.5460801227441,-4.78094243750916,-5.00147702843377
"1043",1043,-4.54202745159601,-4.27178520234026,-5.51465452048175
"1044",1044,-4.43301669443978,-4.89267666186964,-4.87821914805669
"1045",1045,-4.36227713913226,-4.64837301113324,-5.12429563931968
"1046",1046,-4.34684833162951,-4.68366693259823,-4.98935184786719
"1047",1047,-4.30750915214157,-4.55379838155863,-5.25797731689926
"1048",1048,-4.32264247125024,-4.81468541208686,-5.50788713582682
"1049",1049,-4.33910948716432,-4.39564380096234,-3.8888154261436
"1050",1050,-5.04044681742217,-4.99292559037104,-5.45389804737201
"1051",1051,-5.04272930903581,-5.58193410005791,-4.59181685906172
"1052",1052,-5.04389107029785,-5.1404022320627,-5.76243781925695
"1053",1053,-5.05552741428399,-5.31827433126206,-5.63271246728802
"1054",1054,-5.06417084277192,-5.03571174390244,-5.51979821221053
"1055",1055,-5.06780779581006,-5.29510341079843,-5.25303502617073
"1056",1056,-4.95554771205006,-4.75503366293538,-5.37242145525718
"1057",1057,-4.9248784169474,-4.99623783470265,-5.59743019489742
"1058",1058,-4.91989406202437,-4.7745770020394,-5.30671393288081
"1059",1059,-4.91912528492199,-4.67494090741301,-5.6757572368136
"1060",1060,-4.87702793327244,-4.66035276757108,-4.22366483039363
"1061",1061,-4.8990935786351,-4.81151128688894,-5.65248151348017
"1062",1062,-4.88292094069163,-5.21770230845463,-5.57145472956673
"1063",1063,-4.86418408063786,-4.40410603885434,-5.59243604686704
"1064",1064,-4.91030726807934,-4.70028929805612,-5.08784110808611
"1065",1065,-4.90918112606736,-4.70019493533171,-5.55465978913088
"1066",1066,-4.87690032864723,-4.58488289558087,-4.96582667213358
"1067",1067,-4.91715672493701,-4.8172657129715,-5.30590940721562
"1068",1068,-4.87597033203898,-5.24665102767384,-5.36171935741565
"1069",1069,-4.83676176437549,-4.73323707430391,-5.26338820343205
"1070",1070,-4.8526925765917,-4.96665991065306,-5.10250007182929
"1071",1071,-4.85950386405329,-4.74020326569538,-5.19584247119824
"1072",1072,-4.90436230124726,-4.75503366293538,-5.03607356025956
"1073",1073,-4.89507553486825,-4.62978551944582,-5.3217062527621
"1074",1074,-4.90705164678262,-5.01399490200611,-5.62564101026634
"1075",1075,-4.95801957013889,-4.78048713839544,-5.70844542946855
"1076",1076,-4.90647888580644,-4.85018888946084,-5.53553106733475
"1077",1077,-4.93570922619617,-5.29221370703375,-5.34243854609571
"1078",1078,-4.89724647819593,-4.74592133526317,-5.12355517746098
"1079",1079,-4.90518724958489,-4.87279598425854,-5.25779492726218
"1080",1080,-4.90243929171117,-3.98921776628514,-4.8731402995703
"1081",1081,-4.88035325260626,-4.4457976513136,-5.44944029131943
"1082",1082,-4.86036939012484,-4.39519994443065,-5.12176545029865
"1083",1083,-4.88744856518358,-4.13287336199121,-5.51711019256057
"1084",1084,-4.88724915108002,-4.40848557624805,-5.15295794913768
"1085",1085,-4.85639736663809,-4.45015887590571,-5.13169562461123
"1086",1086,-4.86080592874828,-4.73188308483428,-3.28209604618029
"1087",1087,-4.87368961411081,-4.60545472335378,-4.56640311578366
"1088",1088,-4.85439957219226,-4.39234331261064,-4.97836592042956
"1089",1089,-4.8793307492486,-4.39380209520326,-5.26869229758556
"1090",1090,-4.83090516234714,-4.14857769053217,-5.45516587066814
"1091",1091,-4.82599280452597,-4.36576894374221,-3.345759907482
"1092",1092,-4.9298090527806,-4.60545472335378,-4.95910636893631
"1093",1093,-4.90213026760533,-4.39015244632323,-4.659111632756
"1094",1094,-4.91447493491274,-4.46894539427355,-5.20553086636721
"1095",1095,-4.90165667767462,-4.62339100506842,-5.40862368500811
"1096",1096,-4.89818965403247,-4.63737606174953,-5.07575797709517
"1097",1097,-4.87477036465148,-3.72919516010393,-5.25981567282768
"1098",1098,-4.86813964311537,-3.63521493646033,-5.02272236317619
"1099",1099,-4.86104147703507,-4.02854755119694,-5.14583238867405
"1100",1100,-4.50435299941641,-4.46424782200226,-5.24770146382469
"1101",1101,-4.47335981754437,-4.34033217538189,-5.45059004050485
"1102",1102,-4.49048365975719,-4.52902280926124,-4.84442629186933
"1103",1103,-4.53030111784282,-4.40236274930292,-5.34749863720635
"1104",1104,-4.5410437417025,-4.31181653226875,-5.03619356465298
"1105",1105,-4.63246727504894,-3.67332417090505,-5.30907463185476
"1106",1106,-4.52051602341777,-4.54312584892347,-5.21623058182205
"1107",1107,-4.69076379556535,-4.54312584892347,-5.41026636938833
"1108",1108,-4.60971977848276,-4.59794956081418,-5.21898019732149
"1109",1109,-4.61591487723955,-4.30374912774551,-5.32595852906761
"1110",1110,-4.68083919361097,-4.4740978430947,-5.38690143079717
"1111",1111,-4.69433233421489,-4.57472435218597,-5.34381214828903
"1112",1112,-4.6725978771842,-4.42087824927902,-5.41961437656208
"1113",1113,-4.68469260881748,-4.32634313377561,-4.87923148558283
"1114",1114,-4.71645046702155,-4.23476775888758,-5.22044581880594
"1115",1115,-4.39962470564182,-4.5720971148721,-5.23511995921404
"1116",1116,-4.36721532641004,-4.55230095148334,-5.15514740359923
"1117",1117,-4.38464037459887,-4.45700608574334,-5.05325926828642
"1118",1118,-4.42967031003233,-4.69554227059692,-5.39080450841266
"1119",1119,-4.45174417963327,-4.80807487869131,-5.33962823337638
"1120",1120,-4.43884990507248,-4.6056045162491,-5.27707957219656
"1121",1121,-4.46102639027896,-3.67436593829052,-5.30434984969121
"1122",1122,-4.57058364355642,-4.66991062113431,-5.40707921843348
"1123",1123,-4.532729184596,-4.74308724231664,-5.33589707100926
"1124",1124,-4.61389803865351,-4.54875139846543,-5.33412382317437
"1125",1125,-4.62140075543432,-4.90975487919896,-5.49267038770538
"1126",1126,-4.64429393930659,-4.60438844523762,-5.41072455627588
"1127",1127,-4.60946147528863,-5.15866757196041,-5.31752017557813
"1128",1128,-4.64922721895128,-5.21573276683772,-5.3151031345652
"1129",1129,-4.60532570520219,-4.68008236702076,-4.40292834342367
"1130",1130,-4.71164727786679,-4.46336599562968,-5.19435612897822
"1131",1131,-4.75397739837449,-4.68680690920946,-5.51150926900614
"1132",1132,-4.77972484522154,-4.48390882285401,-5.31264983525183
"1133",1133,-4.40906529326898,-4.59306564450324,-5.28022880518584
"1134",1134,-4.41718064644017,-5.21037411639041,-5.28636647459207
"1135",1135,-4.39087118063305,-4.89703608397905,-5.44663304967582
"1136",1136,-4.40888145198312,-4.48231066465437,-5.15568703026687
"1137",1137,-4.4207091414368,-4.46866730697616,-5.22129497235313
"1138",1138,-4.39901260382776,-4.4565142817544,-5.376785268978
"1139",1139,-4.43598049714276,-4.11500700055737,-5.41350400464293
"1140",1140,-4.40648078070622,-4.45574277454617,-5.29902787848826
"1141",1141,-4.46917259082283,-4.779524021847,-5.44223294001458
"1142",1142,-4.4791358308758,-5.00605687394809,-5.31504893377056
"1143",1143,-4.5183009473759,-4.37065612515504,-5.52779345030306
"1144",1144,-4.51996821451153,-4.74670630239474,-5.45928052833081
"1145",1145,-4.52803910910094,-4.63386982873429,-5.34590111192964
"1146",1146,-4.51606214668078,-4.68558377953463,-5.50367739859356
"1147",1147,-4.56417575038042,-4.29521404735061,-5.50747610349876
"1148",1148,-4.55181456908322,-4.84845486126996,-5.35480434989832
"1149",1149,-4.54049371902722,-4.94439472006196,-5.44010733794805
"1150",1150,-4.54746632936471,-4.83778780025335,-5.43391958828054
"1151",1151,-4.53865146130797,-4.00803507166796,-5.50574004952117
"1152",1152,-4.54074224356103,-4.66288270678175,-5.40760050306053
"1153",1153,-4.54053199274653,-4.5292687154991,-4.93227211342406
"1154",1154,-4.5350044409026,-4.47924209391597,-4.90040434257221
"1155",1155,-4.53462680667645,-4.82393099572453,-5.6120674736518
"1156",1156,-4.52712740189642,-4.80723186600864,-5.63263399399174
"1157",1157,-4.51283239064021,-4.53909295341555,-5.27508780995005
"1158",1158,-4.50217348867477,-4.15021477668518,-5.52253950512625
"1159",1159,-4.5067753630587,-4.93567907812776,-5.1371805611435
"1160",1160,-4.51294936726178,-4.74095133591221,-5.45197528429959
"1161",1161,-4.56000058607484,-4.30480029649064,-5.27506779435109
"1162",1162,-4.57990347879497,-4.63954344720991,-5.12799238902197
"1163",1163,-4.58824928944598,-4.62519368602147,-5.10882393219737
"1164",1164,-4.59977473600693,-4.92654052294294,-5.46508230565786
"1165",1165,-4.59429210211737,-4.57058442462884,-5.35200336895748
"1166",1166,-4.5961853753294,-4.59329078488322,-5.49012354813832
"1167",1167,-4.60065336529264,-4.5697508624659,-5.44874119260869
"1168",1168,-4.59275531027278,-4.6109005136148,-5.16377917203305
"1169",1169,-4.58613850687519,-4.68034337760228,-5.5234745127792
"1170",1170,-4.57626579822156,-4.68034337760228,-5.24684320813175
"1171",1171,-4.60787642495547,-4.54480919153305,-5.2858967935205
"1172",1172,-4.59517454529369,-5.11496734297489,-5.19606775692259
"1173",1173,-4.58765952838408,-5.08655794595488,-5.35979614777798
"1174",1174,-4.59336018821836,-4.76619095599827,-5.29781707291942
"1175",1175,-4.52164511621426,-4.45609774902575,-5.06968433579301
"1176",1176,-4.53604494271975,-4.85924938992159,-5.51068912305223
"1177",1177,-4.53481034658537,-4.39236605789898,-5.4594376842998
"1178",1178,-4.52972324813381,-4.46311208848274,-5.29085317187409
"1179",1179,-4.52542306602979,-4.42933924600297,-5.40607056621008
"1180",1180,-4.65592793754196,-4.48115579013732,-5.19205842123503
"1181",1181,-4.64899653799498,-4.77067796226637,-5.24376949099437
"1182",1182,-4.63512768246677,-4.83564819316375,-5.38852447238531
"1183",1183,-4.62452071627662,-4.43640634375371,-5.26726512464921
"1184",1184,-4.63528505866306,-4.87019188861173,-5.38811757147575
"1185",1185,-4.61914526819778,-4.70153590994871,-5.06706510544852
"1186",1186,-4.54225893175156,-4.37065612515504,-4.71015177196984
"1187",1187,-4.58288804852045,-4.81021014127247,-5.00555186272587
"1188",1188,-4.54736073100696,-4.94536125344627,-5.24119071328048
"1189",1189,-4.5155283847533,-4.38450101073979,-5.44343310836016
"1190",1190,-4.76229010249561,-3.94900707652138,-4.09486222917479
"1191",1191,-4.76570247585221,-4.95731259651316,-4.76697854592978
"1192",1192,-4.78793556460183,-4.80701170226217,-5.49651394153419
"1193",1193,-4.75955481402564,-4.96306418032673,-5.37928706823972
"1194",1194,-4.75824749043531,-5.07994995621748,-5.23361819891926
"1195",1195,-4.75904005068854,-4.77365749263193,-5.18463083451769
"1196",1196,-4.78847122560737,-5.17750180288423,-5.51859278156058
"1197",1197,-4.80243060172872,-5.17185921815914,-5.09162064872687
"1198",1198,-4.81224231453329,-4.51095137673958,-5.20179352104574
"1199",1199,-4.67811673513264,-3.89909020352094,-4.44041167153612
"1200",1200,-4.65014748699517,-4.43860816521507,-3.1119465985115
"1201",1201,-4.62837150275727,-4.71486746720741,-4.22560237062731
"1202",1202,-4.61833276006085,-4.60627364309637,-5.17045219363442
"1203",1203,-4.58292434581324,-5.09818448993787,-5.28586548439078
"1204",1204,-4.5608222059344,-5.27274573101061,-5.03789942928621
"1205",1205,-4.55264098143324,-4.74434931082693,-4.9593863879945
"1206",1206,-4.5524137799024,-5.20836576653014,-4.37176821371316
"1207",1207,-4.45079891454177,-3.98708237170577,-3.34188143202571
"1208",1208,-4.45190798514219,-4.48191433448629,-4.46734389234823
"1209",1209,-4.48309491393531,-4.44293162620223,-4.77067522065576
"1210",1210,-4.49430598392906,-4.94251942731474,-4.16127977395785
"1211",1211,-4.52415266497133,-5.11460544297949,-4.00778845954315
"1212",1212,-4.53532330098247,-5.28147995218522,-4.47996784351555
"1213",1213,-4.53035296744719,-5.2146482125187,-5.37896678834076
"1214",1214,-4.48937577643286,-3.89346289417028,-4.84718885144318
"1215",1215,-4.50602667006048,-4.13930118025424,-3.24573745626794
"1216",1216,-4.54153636042702,-4.05146425046736,-4.71594384766758
"1217",1217,-4.51342224604258,-4.02595774752269,-5.45931869278359
"1218",1218,-4.50965878028176,-4.43124336395982,-4.95829325191573
"1219",1219,-4.52811859641473,-4.70917018262292,-5.02218194424669
"1220",1220,-4.54493841950725,-5.13580116395639,-5.12794582866162
"1221",1221,-4.50966873407613,-4.33431724030156,-4.5600384141399
"1222",1222,-4.47289024843587,-4.81824038204489,-4.58734563649019
"1223",1223,-4.48142391338239,-4.89799715097537,-4.168136781982
"1224",1224,-4.44947079560824,-4.80975690359716,-4.23839139103387
"1225",1225,-4.44111550840006,-5.04136290903979,-3.41088506872904
"1226",1226,-4.41923222691187,-4.63585950927661,-5.36301630836887
"1227",1227,-4.42514387014809,-4.67308600515674,-5.16923445628962
"1228",1228,-4.38603470342849,-4.00839785938465,-3.5888664012799
"1229",1229,-4.40092683400081,-4.57513139168136,-4.26072035145279
"1230",1230,-4.40494613154997,-4.77092317152227,-5.26059339602535
"1231",1231,-4.39604095398894,-4.9317696852461,-5.20181730830945
"1232",1232,-4.39853286108752,-5.03572610609548,-5.23782883129076
"1233",1233,-4.40116639271846,-4.92156729351406,-5.49641545192978
"1234",1234,-4.37854226092198,-5.00873477155412,-4.6250052422833
"1235",1235,-3.57957769867298,-4.46535142804648,-3.05005364804994
"1236",1236,-4.3797906645589,-4.44309933494889,-5.15995591995574
"1237",1237,-4.39800525684853,-4.50641609842365,-5.36618989396262
"1238",1238,-4.42935191674336,-4.24827919747252,-5.33550786246675
"1239",1239,-4.41750425091131,-4.6098767601237,-5.21236122410292
"1240",1240,-4.38092978333685,-4.60838479021785,-5.41407103207392
"1241",1241,-4.36168501969948,-4.08540909493686,-4.75560036399507
"1242",1242,-4.43043037796957,-4.39147586883894,-4.40411636529905
"1243",1243,-4.40509224016049,-4.54113363925465,-5.16899105778486
"1244",1244,-4.39701955773115,-4.84472906516365,-5.42327432906655
"1245",1245,-4.3824097890587,-4.35096093196779,-5.4736176792627
"1246",1246,-4.38725193961954,-4.08950468231014,-5.31861239306374
"1247",1247,-4.39893419142372,-4.69299690328591,-5.15710686368698
"1248",1248,-3.5415951427807,-3.83482385738882,-2.41296800186575
"1249",1249,-4.674769394786,-3.80152816148381,-3.59409088829803
"1250",1250,-4.69483890015719,-3.80657382097951,-3.74400896813466
"1251",1251,-4.673393092518,-4.65279266475813,-3.45772095105689
"1252",1252,-4.66136165142683,-4.74294880378451,-3.69589454632016
"1253",1253,-4.67167118350162,-3.75502382025258,-3.71393604111319
"1254",1254,-4.60323574096445,-3.82357052517613,-4.16669701488584
"1255",1255,-4.599378683969,-3.79488111626796,-4.36043477788951
"1256",1256,-4.64029789809833,-4.06124777889063,-4.22073335370134
"1257",1257,-4.63140330380833,-3.92497971675216,-4.34194118774327
"1258",1258,-4.64081114499379,-4.52577863339974,-4.40997076232549
"1259",1259,-4.6298661245348,-4.20354554220474,-4.14483528900212
"1260",1260,-4.63732751443697,-5.05757304091869,-3.76052091745566
"1261",1261,-4.60964730543145,-3.81136059824447,-3.93234878713016
"1262",1262,-4.58951638173108,-3.74614294452526,-3.94988397656632
"1263",1263,-4.59085007841265,-4.18938743093569,-4.15099550052806
"1264",1264,-4.56006357204972,-4.09507736634514,-4.56915536173038
"1265",1265,-4.57085435367223,-4.62276133473592,-4.75758156865213
"1266",1266,-4.65453633371205,-3.86603284462146,-4.50898817960957
"1267",1267,-4.68879322917039,-3.92777704394797,-4.67331300603329
"1268",1268,-4.71067188759616,-4.21537196890023,-4.56499371655196
"1269",1269,-4.71963424703882,-4.14442758067538,-4.58871137111376
"1270",1270,-4.71382349658637,-4.15491941227922,-4.40299515878212
"1271",1271,-4.6263475699039,-3.98586331114181,-1.28401578020341
"1272",1272,-4.66825973038446,-4.52587000281637,-3.80835134587369
"1273",1273,-4.65935276383854,-4.10389818939675,-4.69947269264901
"1274",1274,-4.65995212136092,-4.10389818939675,-4.60904014334527
"1275",1275,-4.65470335556194,-4.17640091901509,-3.45489694917937
"1276",1276,-4.66303202140601,-4.28512309770365,-4.49731426381461
"1277",1277,-4.64325381151387,-4.27172071675189,-4.08378017257512
"1278",1278,-4.62505624336532,-3.73296100040853,-1.62445273579488
"1279",1279,-4.6251364975812,-3.92209275517624,-4.31950981131842
"1280",1280,-4.63051218518523,-4.12949214772034,-4.66912218796276
"1281",1281,-4.62278204557303,-3.69917810395995,-4.68251965195584
"1282",1282,-4.6167104568898,-4.14722871060349,-4.32480933433387
"1283",1283,-4.62312740353183,-4.34375844203231,-4.46812974308488
"1284",1284,-4.72661699511224,-3.51906681435309,-4.53605644130933
"1285",1285,-4.72704133515091,-4.06520433907655,-3.1965875125225
"1286",1286,-4.75288535145254,-3.66689467319575,-4.62137743802688
"1287",1287,-4.72720128278646,-4.56644824900654,-4.83724086819357
"1288",1288,-4.62652558665,-3.94900707652138,-4.13777590616666
"1289",1289,-4.66015234062777,-3.96624866906406,-4.37043414806479
"1290",1290,-4.64125249960656,-4.24968868663273,-4.45994517942821
"1291",1291,-4.66264794665474,-4.08493258990398,-4.2280614979474
"1292",1292,-4.64516490817609,-4.55354332623653,-4.60861290872416
"1293",1293,-4.65469259015924,-4.46475610164522,-5.10772002739826
"1294",1294,-3.53018022726705,-5.44726485784377,-5.16121301961346
"1295",1295,-4.49528858539092,-4.83312696485772,-4.99789480875981
"1296",1296,-4.51644180758998,-4.79789511533588,-4.73644030057657
"1297",1297,-4.52981740217078,-4.98844298490192,-5.08649735156714
"1298",1298,-4.52144307452735,-5.00504398072403,-5.0734098231117
"1299",1299,-4.51821848142668,-5.35344502532361,-4.65656709304427
"1300",1300,-4.32156012129977,-5.22129203202338,-4.42392925873014
"1301",1301,-4.36981093905223,-5.38312796217764,-5.11862325664489
"1302",1302,-4.40001615962528,-5.00027103995082,-5.13424544317378
"1303",1303,-4.39890372218814,-4.94266209817794,-5.16399997156603
"1304",1304,-4.42507342257063,-4.63920855407312,-5.38135080198448
"1305",1305,-4.46734981379131,-4.71384852410653,-5.15538104661916
"1306",1306,-4.4709612650625,-4.89371794260996,-5.36785855846503
"1307",1307,-4.37057815251069,-5.03510661091187,-5.31473072519308
"1308",1308,-4.38871842651789,-5.21994224278107,-4.74445971464889
"1309",1309,-4.39784003540341,-4.97586643792339,-5.01046037818743
"1310",1310,-4.41755895655011,-4.89043925942179,-4.93783720539995
"1311",1311,-4.43633950011041,-5.13505175303534,-5.58718114271131
"1312",1312,-4.46450061016971,-4.87729665532235,-5.00078231793428
"1313",1313,-4.28559219884992,-4.98110684999878,-4.61219620662223
"1314",1314,-4.36585138143058,-5.08406769480602,-5.26818795180308
"1315",1315,-4.36179448522594,-4.8381908068192,-5.10172271016132
"1316",1316,-4.36286501523302,-4.62007838679404,-5.33110344963889
"1317",1317,-4.39532617389996,-4.81273249869489,-5.27201348692123
"1318",1318,-4.41239719391485,-4.50219063728519,-5.00032637808607
"1319",1319,-4.4356499156483,-4.9186693927062,-5.02625087891365
"1320",1320,-4.45243270204888,-5.07844926478027,-4.1298231520666
"1321",1321,-4.36727563478181,-5.03184363336429,-5.12279277457768
"1322",1322,-4.36266303889559,-4.53762508196066,-4.99951097288437
"1323",1323,-4.32789095978776,-4.92048927987697,-4.5911428404422
"1324",1324,-4.39216818269865,-4.95415567237887,-5.11591678507878
"1325",1325,-4.35990637216003,-4.68303061688863,-5.09018706846912
"1326",1326,-4.37404221491034,-5.08115586492917,-5.05961831497796
"1327",1327,-4.3706125987114,-4.5035216856994,-5.31785269054244
"1328",1328,-4.4066025344293,-4.87252896758673,-5.11124963637616
"1329",1329,-4.41034937065028,-4.26405248013238,-4.97746616771191
"1330",1330,-4.29944109459268,-5.14726375657952,-4.79844550324545
"1331",1331,-4.34355439455273,-4.60594902799526,-4.93570242461026
"1332",1332,-4.39098846634044,-4.94301555458045,-5.21810808036149
"1333",1333,-4.39721435292126,-4.88359352847406,-5.105883622256
"1334",1334,-4.41655661909534,-4.75556517440031,-4.97955671468267
"1335",1335,-4.46019711318636,-4.8224909119847,-5.09231261326209
"1336",1336,-4.2233894902267,-5.06990887676222,-4.9503013183219
"1337",1337,-4.26492528223565,-4.56885478132409,-4.91611519784081
"1338",1338,-4.28273303308246,-4.74752428032905,-5.18153452379522
"1339",1339,-4.2865541226417,-4.47128152225761,-5.04412922087547
"1340",1340,-4.29717818114048,-5.21059694564694,-5.26417690750696
"1341",1341,-4.32366302887758,-4.99177678604118,-4.68447132894913
"1342",1342,-4.32101023017601,-4.4717788980321,-5.1180972045104
"1343",1343,-3.5609635180727,-5.03335818075507,-5.14749739375266
"1344",1344,-4.28373373632205,-4.7483244232754,-4.78822005035607
"1345",1345,-4.29305798441787,-4.96713023890265,-5.26101738163839
"1346",1346,-4.30019634245204,-5.25227509825907,-5.15961960368687
"1347",1347,-4.32054926029747,-4.550697975299,-4.90234177703861
"1348",1348,-4.35647632354038,-4.63097627223176,-5.09917774913022
"1349",1349,-4.39478993178307,-4.23406423448005,-4.97086422885872
"1350",1350,-4.6195553401098,-4.39870665807574,-4.35550403531414
"1351",1351,-4.61251489230044,-4.46869752655172,-4.96805291399552
"1352",1352,-4.61398010318294,-4.91288552968003,-5.33335339864002
"1353",1353,-4.60150143175402,-4.68970426398308,-5.31883241143323
"1354",1354,-4.60164003607153,-4.18089463463773,-5.00073418301831
"1355",1355,-4.62253204872206,-4.03662725394647,-4.97135344499191
"1356",1356,-4.59309349224809,-3.77547473718776,-4.80147940262923
"1357",1357,-4.67097446657871,-4.56515718137691,-4.90198444799183
"1358",1358,-4.64707659560104,-4.91517535321513,-4.9227967026701
"1359",1359,-4.67828106556298,-4.32936241467553,-4.38801097263637
"1360",1360,-4.67677542679096,-4.89379314000178,-4.69734414754388
"1361",1361,-4.66823277109665,-4.52117722908363,-5.16861942006718
"1362",1362,-4.68315715759429,-4.2825860786178,-4.86154926419046
"1363",1363,-4.62503433045443,-4.62493760224278,-5.15318996888124
"1364",1364,-4.64067022429133,-3.84618777718095,-4.65065164118791
"1365",1365,-4.65327276410563,-4.44769358416977,-5.36240364333463
"1366",1366,-4.62400458239209,-4.82839267123184,-5.03543807220483
"1367",1367,-4.70472991508497,-4.19983533261512,-4.88051358064013
"1368",1368,-4.71896331926254,-4.60141882337391,-5.04672971856483
"1369",1369,-4.69582018538362,-4.40714433258208,-4.71968202420496
"1370",1370,-4.68053425904922,-4.07934735653749,-4.29943369229659
"1371",1371,-4.68417369589638,-4.28770281586948,-4.71029844974647
"1372",1372,-4.68002348835782,-4.57265957802212,-5.06783978924106
"1373",1373,-4.6782718417721,-4.53351643067838,-5.05560666445505
"1374",1374,-4.68027971345789,-4.32752091114505,-4.94315983314239
"1375",1375,-4.69508669266832,-4.11000999163293,-5.45616397589186
"1376",1376,-4.68830603488239,-4.28265808024244,-4.46384257532874
"1377",1377,-4.70867397382767,-4.48755884195137,-4.1731859606055
"1378",1378,-4.69672795555897,-4.34869717369811,-4.6359647341888
"1379",1379,-4.66519070994263,-4.41325196705822,-4.81754857953833
"1380",1380,-4.67638639421464,-4.3613972266941,-3.7943339013148
"1381",1381,-4.66300495389863,-3.97615550642758,-5.23621191931134
"1382",1382,-4.65627579026656,-3.96179868627901,-4.50969516571992
"1383",1383,-4.66093304655364,-4.34869717369811,-5.13359493516638
"1384",1384,-4.66739807593807,-4.26078509794905,-4.32491924624648
"1385",1385,-4.65932316049728,-4.11703359474994,-5.38861836573192
"1386",1386,-4.64380944812636,-4.17682371458237,-5.32545932606827
"1387",1387,-4.65803664433682,-3.53170778328864,-3.87318228005465
"1388",1388,-4.66455308995683,-3.85118024909368,-4.52398368235328
"1389",1389,-4.65540565839676,-4.47191787210589,-4.44180933921161
"1390",1390,-4.64016596191172,-5.04171651324987,-5.12968511695897
"1391",1391,-4.64841590210652,-4.30101012339515,-4.30815091243297
"1392",1392,-4.62431901857857,-4.31142995663258,-3.79399556734428
"1393",1393,-4.64314033791843,-4.79313570586352,-3.71019268554852
"1394",1394,-4.6096180435759,-4.52109483186092,-4.61396303563607
"1395",1395,-4.62701662073528,-4.43124444321785,-3.52682426616549
"1396",1396,-4.52240637767886,-4.17044689237563,-3.23560644186548
"1397",1397,-4.52102251098807,-3.73795834970483,-3.32299573671709
"1398",1398,-4.55000309661282,-4.14900991306914,-3.6534683046968
"1399",1399,-4.56980180667801,-4.26683835893671,-3.8292292507756
"1400",1400,-4.58284321489366,-4.00028642031851,-4.22040481239195
"1401",1401,-4.57376786814928,-4.88278171547265,-3.74235318786147
"1402",1402,-4.63464143133676,-5.11556327482414,-5.31952964217085
"1403",1403,-4.3275277368915,-4.90060178310564,-3.44437749139761
"1404",1404,-4.33373823256209,-4.16520661326001,-4.40007421561954
"1405",1405,-4.3518672767802,-4.51023030649968,-4.06473171421364
"1406",1406,-4.40430061766752,-4.61206628874283,-4.94921913419335
"1407",1407,-4.39368124657197,-4.6959629004269,-4.45658251784678
"1408",1408,-4.38267495943417,-4.31289917462484,-3.40961343751982
"1409",1409,-4.43981945714293,-4.29476511878436,-4.00438722700356
"1410",1410,-4.50421033027737,-4.41949244666514,-4.03227836391745
"1411",1411,-4.48495106477076,-4.16048031446483,-4.28269386393328
"1412",1412,-4.33907886853532,-4.21939788624627,-2.74163991377507
"1413",1413,-4.38031977280833,-4.14156099066626,-3.26273005531564
"1414",1414,-4.42602118490882,-4.59045739947485,-4.07890933291241
"1415",1415,-4.45029458108823,-4.42956667208878,-4.25530259763558
"1416",1416,-4.44463869853216,-4.94499361525184,-4.89275321904674
"1417",1417,-4.4330301144242,-4.3819930287927,-4.87793950810575
"1418",1418,-4.30000952130913,-4.24854983453509,-4.49170820585906
"1419",1419,-4.33744953432512,-4.34056926330285,-4.69633964108054
"1420",1420,-4.31083114828064,-5.027433230228,-4.06976555094284
"1421",1421,-4.33868713470127,-4.68646077798584,-4.38166173949823
"1422",1422,-4.34948233222789,-4.7147491340397,-3.72055691024342
"1423",1423,-4.30736159643757,-4.26382578959723,-3.33507621265088
"1424",1424,-4.36963365487312,-4.46843788480684,-3.75554449818775
"1425",1425,-4.39967860113129,-4.26868953395417,-3.68429958120856
"1426",1426,-4.46922146139894,-4.13521735838226,-4.23411324301423
"1427",1427,-4.45484756668416,-4.36377887915217,-3.00878684869186
"1428",1428,-4.49202520325633,-4.55645496322305,-3.54239962296624
"1429",1429,-4.27279145777791,-4.35985901990223,-2.48576431817743
"1430",1430,-4.27545770584248,-4.4391322965209,-4.0304040219376
"1431",1431,-4.26678989220009,-4.94483377376311,-4.26632068315154
"1432",1432,-4.30719141723376,-4.44491131384153,-3.41853762315111
"1433",1433,-4.30238484270572,-4.7391724308014,-4.29137011248304
"1434",1434,-4.30539761078376,-4.78487488562306,-4.17133431649923
"1435",1435,-4.29748443857578,-4.75423484443205,-3.46401919432996
"1436",1436,-4.2447896884682,-4.20670287912199,-3.05314865296062
"1437",1437,-4.3739806839919,-4.1839646988423,-4.98319082798064
"1438",1438,-4.55365707829928,-4.29139158775392,-3.66774252401847
"1439",1439,-4.60524414196009,-4.67226537771459,-3.57743485105297
"1440",1440,-4.59376755638086,-4.14403266547341,-3.27688053096698
"1441",1441,-4.56382963327729,-4.14937268585005,-4.16306213987775
"1442",1442,-4.55187420575297,-4.78030330183537,-4.91042363800281
"1443",1443,-4.54634590791773,-4.81054409102467,-4.45793409876208
"1444",1444,-4.6577686742551,-5.09440920463937,-4.96025599635397
"1445",1445,-4.55084392521925,-4.27691541712099,-3.2146916807656
"1446",1446,-4.57901167242304,-4.97183445750874,-3.58669380855076
"1447",1447,-4.5651170748541,-4.97183445750874,-3.9938939598942
"1448",1448,-4.56932830519363,-4.50516031510653,-3.85709092748953
"1449",1449,-4.56172751086382,-4.43990592149939,-2.71001393271422
"1450",1450,-4.53952475691433,-3.95885984469931,-3.41910141236581
"1451",1451,-4.52575698606993,-3.98576130012854,-2.33585223055219
"1452",1452,-4.55830039793437,-4.51858276711218,-2.91626590022278
"1453",1453,-4.54947327564967,-4.020780201978,-3.6075558730064
"1454",1454,-4.55002384557801,-4.52302388808522,-2.91188597749433
"1455",1455,-4.53872869062918,-5.33084720617013,-3.53367122252714
"1456",1456,-4.62452812047787,-3.3784158783223,-3.29460941809115
"1457",1457,-4.63229916812151,-4.22297108774346,-3.37064473280549
"1458",1458,-4.66950074125306,-4.41984858874409,-3.3786600197359
"1459",1459,-4.66687483755478,-4.2490822692541,-3.86551980753574
"1460",1460,-4.66275281863866,-4.43197904629022,-4.16410731841779
"1461",1461,-4.60186691730321,-4.41747746843152,-4.78237353958426
"1462",1462,-4.58168875341268,-4.21501172813145,-4.60248955350977
"1463",1463,-4.58847562242393,-4.32460379177705,-4.26768556329266
"1464",1464,-4.57756575312114,-3.68922147773304,-3.81171598230595
"1465",1465,-4.56841564170269,-4.44854812812377,-4.9686591487184
"1466",1466,-4.59639557327211,-4.69907539672574,-4.92900600272661
"1467",1467,-4.55784401966858,-4.75423484443205,-3.50733964011645
"1468",1468,-4.55192958286891,-3.96370879673809,-3.91576780535092
"1469",1469,-4.54073274991213,-3.89181117636231,-4.289430150006
"1470",1470,-4.5382627928231,-4.52844663846621,-3.41874694114988
"1471",1471,-4.53791631532372,-4.1397847417138,-3.87750448076672
"1472",1472,-4.55855835988686,-4.92668378108035,-4.86239841356692
"1473",1473,-4.6262720209646,-3.44749591803567,-3.1843195010558
"1474",1474,-4.62952303806435,-3.72095078367248,-3.58084742262694
"1475",1475,-4.6511608318623,-3.72280297441235,-3.78130879330566
"1476",1476,-4.63885657301527,-4.14970187991162,-4.27864189670476
"1477",1477,-4.63158758756297,-4.09210211193483,-3.49597354647131
"1478",1478,-4.60211484044726,-4.25001030750829,-3.82791574230831
"1479",1479,-4.66572224434695,-3.90061428711633,-4.34782013277194
"1480",1480,-4.64317404822375,-4.3032481526102,-3.85895037737486
"1481",1481,-4.65332873217773,-4.5886672374479,-3.24415450755781
"1482",1482,-4.64688571380255,-4.77281635549917,-4.93512379479844
"1483",1483,-4.61353623014434,-4.39239883120519,-2.9518448183458
"1484",1484,-4.57948796405344,-4.14803657566011,-2.94811655732434
"1485",1485,-4.57738481757858,-4.31521191477858,-3.22901160781569
"1486",1486,-4.51927586592225,-4.31758377268858,-3.91111039468805
"1487",1487,-4.47898154377936,-4.61306876916159,-3.00346460785608
"1488",1488,-4.45954674519168,-4.83842849871355,-1.28890413982875
"1489",1489,-3.9947270858977,-4.26715050288659,-2.91878894791143
"1490",1490,-4.01105525421635,-4.29148153459884,-2.94930497781557
"1491",1491,-4.04834600636878,-4.41775900141041,-2.88805095730617
"1492",1492,-4.07464423072961,-4.82294093901921,-4.40091261012961
"1493",1493,-4.10587927506844,-4.44525113528962,-3.86701703810852
"1494",1494,-4.13623092466034,-4.26231549712589,-3.82069288077368
"1495",1495,-4.28881845453252,-4.1541572166928,-2.97873253237527
"1496",1496,-4.30635324438429,-4.09000356540954,-3.64271582928097
"1497",1497,-4.28828902691062,-4.14071079116229,-3.97799078852063
"1498",1498,-4.27746374667938,-4.32013621067366,-2.96461095533632
"1499",1499,-4.2841158370958,-4.46453562217636,-3.18364582341439
"1500",1500,-4.07726293771066,-4.29532527663471,-3.62000958553484
"1501",1501,-4.13005192107626,-4.21892325567722,-3.99964907599133
"1502",1502,-4.17018502111311,-4.57494898376272,-3.31998481381523
"1503",1503,-3.95394868416275,-4.23997063896167,-3.62308286846366
"1504",1504,-3.96118755316416,-4.65306000311821,-3.33391254852727
"1505",1505,-4.02170098383757,-4.93462117080652,-3.88822657515322
"1506",1506,-4.10825209078236,-4.78061586171477,-3.30855145610718
"1507",1507,-4.13225591001017,-4.12497392615913,-2.76626446398009
"1508",1508,-4.13331448962559,-4.5257637589764,-2.94369132454508
"1509",1509,-3.91906098746939,-4.1810614571086,-4.43057069886619
"1510",1510,-3.91314769923408,-4.55454401580795,-3.5344772336924
"1511",1511,-3.98287034287785,-4.21035181658953,-4.03259872358544
"1512",1512,-3.92562028309233,-4.84635537100749,-1.23814203333282
"1513",1513,-3.99820032097861,-4.8745106276637,-4.56286114259436
"1514",1514,-4.53770364252769,-4.39239883120519,-4.28555187847153
"1515",1515,-4.52679041874062,-4.97364765989945,-4.47575409749344
"1516",1516,-4.52601147662541,-4.98997687241966,-3.47586467597529
"1517",1517,-4.52257407120934,-4.9454409790905,-4.13783704353133
"1518",1518,-4.5238375308798,-3.68301423439471,-4.59428758482765
"1519",1519,-4.53652934277242,-4.36739425104664,-4.15110646772583
"1520",1520,-4.5489945147627,-4.72281310943086,-3.33487230014503
"1521",1521,-4.54225234452934,-4.69538037118714,-2.97856731053476
"1522",1522,-4.54054515481166,-4.55863082870784,-4.15714222054752
"1523",1523,-4.54941811028447,-5.02774910260797,-3.97212836476136
"1524",1524,-4.54206652273997,-5.28954499869245,-3.8885155328326
"1525",1525,-4.47042291643747,-4.78592491763689,-2.92757127945353
"1526",1526,-4.48580228697804,-4.89218967048891,-3.69872391280897
"1527",1527,-4.4694843366172,-4.71120236359952,-4.2469047467753
"1528",1528,-4.4452680580178,-4.38175172625441,-3.83557868708677
"1529",1529,-4.5799565766444,-4.91185950279703,-4.06554783461607
"1530",1530,-4.58855779263138,-4.6160869916414,-3.70117423594
"1531",1531,-4.56147070370326,-4.94646073694118,-4.2948183619737
"1532",1532,-4.43519618199303,-4.79778836134814,-3.70551068512266
"1533",1533,-4.48220755592645,-4.6467095238091,-4.03509433648662
"1534",1534,-4.46236274179355,-4.65958939226017,-3.93357761465351
"1535",1535,-4.46604911272048,-5.0282200708641,-1.42641637852382
"1536",1536,-4.45463861454682,-4.61789186553229,-3.99383870339439
"1537",1537,-4.40517732994602,-4.2451582534967,-3.64900381936267
"1538",1538,-4.38755211003461,-4.84296212543538,-3.47514312617785
"1539",1539,-4.34253061890399,-4.87116151633164,-3.70484817256418
"1540",1540,-4.33582009556344,-4.89017520399244,-3.74044159899186
"1541",1541,-4.37311091052193,-4.73026376029294,-4.53130670977323
"1542",1542,-4.52488828918063,-4.2871655926406,-2.93565828324509
"1543",1543,-4.5479047053043,-4.53889116761588,-2.98331555505103
"1544",1544,-4.55637129199934,-4.4670436313676,-3.03774609477877
"1545",1545,-4.53949402887665,-4.3257877597656,-3.67960640869096
"1546",1546,-4.28452886969955,-4.4418587829132,-3.16914599199917
"1547",1547,-4.38355936939488,-4.59483936302074,-3.42599474362754
